[2026-08-01 13:33:50] Cache miss for 'This is what I cooked for my wife on Valentine’s day! It’s a long one! PART 1 OF 2!' / 'Brian min' / 'Chrome'
[2026-08-01 13:33:52] Cache miss for 'This is what I cooked for my wife on Valentine’s day! It’s a long one! PART 1 OF 2!' / 'Brian min' / 'Chrome'
[2026-08-01 13:33:54] Cache miss for 'This is what I cooked for my wife on Valentine’s day! It’s a long one! PART 1 OF 2!' / 'Brian min' / 'Chrome'
[2026-08-01 13:33:56] Cache miss for 'This is what I cooked for my wife on Valentine’s day! It’s a long one! PART 1 OF 2!' / 'Brian min' / 'Chrome'
[2026-08-01 13:33:58] Cache miss for 'This is what I cooked for my wife on Valentine’s day! It’s a long one! PART 1 OF 2!' / 'Brian min' / 'Chrome'
[2026-08-01 13:34:01] No ranked MusicBrainz release for 'This is what I cooked for my wife on Valentine’s day! It’s a long one! PART 1 OF 2!' / 'Brian min' / 'Chrome'
[2026-08-01 13:34:01] No Cover Art Archive image for 'This is what I cooked for my wife on Valentine’s day! It’s a long one! PART 1 OF 2!' / 'Brian min' / 'Chrome'
[2026-08-01 13:34:01] Saved disk cache: 7059c8dd8070e7e86557a7fa865a6e46563a38a5da960a537fc4c8c5abbe80bf_210x210.rgb565
[2026-08-01 13:34:01] RGB565 artwork ready for 'This is what I cooked for my wife on Valentine’s day! It’s a long one! PART 1 OF 2!' / 'Brian min': 88200 bytes
[2026-08-01 13:43:34] Cache miss for 'INSTAGRAM MEMES COMPILATION #7' / 'SpaRaTe707' / 'Chrome'
[2026-08-01 13:43:43] No ranked MusicBrainz release for 'INSTAGRAM MEMES COMPILATION #7' / 'SpaRaTe707' / 'Chrome'
[2026-08-01 13:43:43] No Cover Art Archive image for 'INSTAGRAM MEMES COMPILATION #7' / 'SpaRaTe707' / 'Chrome'
[2026-08-01 13:43:43] Saved disk cache: d78c13d26625d64f934b9cfa9cdbb1aae84be44928a1c55af97912a9af523814_210x210.rgb565
[2026-08-01 13:43:43] RGB565 artwork ready for 'INSTAGRAM MEMES COMPILATION #7' / 'SpaRaTe707': 88200 bytes
[2026-08-01 13:44:43] Cache miss for "I've Dreamt of Owning This Hammer Since I Was 11" / 'Alec Steele' / 'Chrome'
[2026-08-01 13:44:47] No ranked MusicBrainz release for "I've Dreamt of Owning This Hammer Since I Was 11" / 'Alec Steele' / 'Chrome'
[2026-08-01 13:44:47] No Cover Art Archive image for "I've Dreamt of Owning This Hammer Since I Was 11" / 'Alec Steele' / 'Chrome'
[2026-08-01 13:44:47] Saved disk cache: f8be82807c2d5911cea0d4dbfc046baf14ea09870911e1e96e7bc4b58d74c188_210x210.rgb565
[2026-08-01 13:44:47] RGB565 artwork ready for "I've Dreamt of Owning This Hammer Since I Was 11" / 'Alec Steele': 88200 bytes
[2026-08-01 13:44:53] Immediate memory cache hit for 'INSTAGRAM MEMES COMPILATION #7' / 'SpaRaTe707' / 'Chrome'
[2026-08-01 13:44:54] Immediate memory cache hit for "I've Dreamt of Owning This Hammer Since I Was 11" / 'Alec Steele' / 'Chrome'
[2026-08-01 13:53:49] Immediate memory cache hit for 'INSTAGRAM MEMES COMPILATION #7' / 'SpaRaTe707' / 'Chrome'
[2026-08-01 13:53:51] Cache miss for 'sped up songs that vibe' / 'Titaiton' / 'Chrome'
[2026-08-01 13:53:53] No ranked MusicBrainz release for 'sped up songs that vibe' / 'Titaiton' / 'Chrome'
[2026-08-01 13:53:53] No Cover Art Archive image for 'sped up songs that vibe' / 'Titaiton' / 'Chrome'
[2026-08-01 13:53:53] Saved disk cache: 422ce6a4592e7300278dadfe8382599130079bc7f1720fe0210c94de0e42e1fd_210x210.rgb565
[2026-08-01 13:53:53] RGB565 artwork ready for 'sped up songs that vibe' / 'Titaiton': 88200 bytes
[2026-08-01 13:53:58] Cache miss for 'How To Crochet - Easy Beginners Amigurumi Whale Tutorial | Low Sew' / 'Knit Grit' / 'Chrome'
[2026-08-01 14:08:58] Immediate memory cache hit for 'sped up songs that vibe' / 'Titaiton' / 'Chrome'
[2026-08-01 14:15:17] Immediate disk cache hit for 'sped up songs that vibe' / 'Titaiton' / 'Chrome'
[2026-08-01 14:15:19] Media source manually selected: Chrome
[2026-08-01 14:15:20] Media source selection changed to Auto
[2026-08-01 14:15:33] Media source selection changed to Auto
[2026-08-01 14:16:17] Cache miss for 'Instagram' / 'Chrome' / 'Chrome'
[2026-08-01 14:16:20] Cache miss for 'Instagram' / 'Chrome' / 'Chrome'
[2026-08-01 14:16:22] No ranked MusicBrainz release for 'Instagram' / 'Chrome' / 'Chrome'
[2026-08-01 14:16:22] No Cover Art Archive image for 'Instagram' / 'Chrome' / 'Chrome'
[2026-08-01 14:16:22] Saved disk cache: a3ab08df7463d9bdd6b41980d3dbad815114f2aa2453219b3eeef842776aa966_210x210.rgb565
[2026-08-01 14:16:22] RGB565 artwork ready for 'Instagram' / 'Chrome': 88200 bytes
[2026-08-01 14:16:58] Media source manually selected: Chrome
[2026-08-01 14:16:58] Media source manually selected: Spotify
[2026-08-01 14:16:58] Cache miss for 'The Weekend' / '88rising' / 'The Weekend'
[2026-08-01 14:16:59] Media source selection changed to Auto
[2026-08-01 14:16:59] Best MusicBrainz release: 'The Weekend', album similarity=1.00, score=144.3
[2026-08-01 14:16:59] Media source manually selected: Chrome
[2026-08-01 14:17:00] Media source manually selected: Spotify
[2026-08-01 14:17:01] Media source selection changed to Auto
[2026-08-01 14:17:01] Cover selected from release 'The Weekend' (a9e0c3c7-2811-4ab7-af83-f1125d8eee43)
[2026-08-01 14:17:01] Saved disk cache: 024dcda9adf22f5370a66a55797255c39da9eb243e952509cd1ed3f77f234335_210x210.rgb565
[2026-08-01 14:17:01] RGB565 artwork ready for 'The Weekend' / '88rising': 88200 bytes
[2026-08-01 14:17:04] Media source selection changed to Auto
[2026-08-01 14:17:05] Media source selection changed to Auto
[2026-08-01 14:19:52] Immediate memory cache hit for 'The Weekend' / '88rising' / 'The Weekend'
[2026-08-01 14:20:25] Media source manually selected: Spotify
[2026-08-01 14:20:26] Media source selection changed to Auto
[2026-08-01 14:20:27] Media source selection changed to Auto
[2026-08-01 14:20:28] Media source manually selected: Spotify
[2026-08-01 14:20:28] Media source selection changed to Auto
[2026-08-01 14:20:28] Media source manually selected: Spotify
[2026-08-01 14:20:30] Media source selection changed to Auto
[2026-08-01 14:22:33] Cache miss for 'Euphoria' / 'keshi' / 'Requiem'
[2026-08-01 14:22:34] Best MusicBrainz release: 'Requiem', album similarity=1.00, score=153.0
[2026-08-01 14:22:36] Cover selected from release 'Requiem' (54dae7cd-0938-4b92-8f37-a7aceb2df5ef)
[2026-08-01 14:22:37] Saved disk cache: 373c07c49b6b35ee4c2903e3e5fd47fa5cc4be0717ae8afac842287ff1fb90c4_210x210.rgb565
[2026-08-01 14:22:37] RGB565 artwork ready for 'Euphoria' / 'keshi': 88200 bytes
[2026-08-01 14:22:54] Immediate memory cache hit for 'Texas' / 'keshi' / 'Requiem'
[2026-08-01 14:23:00] Immediate memory cache hit for 'Bodies' / 'keshi' / 'Requiem'
[2026-08-01 14:23:10] Cache miss for 'You Know How We Do It' / 'Ice Cube' / 'Lethal Injection'
[2026-08-01 14:23:11] Best MusicBrainz release: 'Lethal Injection', album similarity=1.00, score=153.0
[2026-08-01 14:23:19] Cover selected from release 'Lethal Injection' (19d3653c-6de5-4d42-a8be-e51c968733c7)
[2026-08-01 14:23:19] Saved disk cache: 203e3b46790f80dfbd73a31f273ea84c65bb8ef56aa97c5c7a25c12ccafdc2e1_210x210.rgb565
[2026-08-01 14:23:19] RGB565 artwork ready for 'You Know How We Do It' / 'Ice Cube': 88200 bytes
[2026-08-01 14:27:03] Cache miss for 'Deja Vu' / 'TOMORROW X TOGETHER' / 'minisode 3: TOMORROW'
[2026-08-01 14:27:04] Best MusicBrainz release: 'minisode 3: TOMORROW', album similarity=1.00, score=153.0
[2026-08-01 14:27:06] Cover selected from release 'minisode 3: TOMORROW' (4f0506a5-9930-49c2-be4a-12a984eb8ce0)
[2026-08-01 14:27:06] Saved disk cache: 7c658a7077eaa55488b4fc97c28a079ea79f41f8317610075bf5e0a94a7da0e2_210x210.rgb565
[2026-08-01 14:27:06] RGB565 artwork ready for 'Deja Vu' / 'TOMORROW X TOGETHER': 88200 bytes
[2026-08-01 14:30:53] Cache miss for 'Forever' / 'keshi' / 'Requiem (Deluxe)'
[2026-08-01 14:30:57] Best MusicBrainz release: 'Requiem', album similarity=1.00, score=141.0
[2026-08-01 14:30:59] Cover selected from release 'Requiem' (54dae7cd-0938-4b92-8f37-a7aceb2df5ef)
[2026-08-01 14:30:59] Saved disk cache: 5329a47c6dae1917c85cef26524bf1c59104e55d2dd64dbc63f84361d6d175b2_210x210.rgb565
[2026-08-01 14:30:59] RGB565 artwork ready for 'Forever' / 'keshi': 88200 bytes
[2026-08-01 14:31:01] Media session manually selected: Spotify — Forever
[2026-08-01 14:31:19] The manually selected media session is no longer available; returning to Auto
[2026-08-01 14:31:19] Cache miss for '러시안 룰렛 Russian Roulette' / 'Red Velvet' / 'Russian Roulette - The 3rd Mini Album'
[2026-08-01 14:31:23] Best MusicBrainz release: 'Russian Roulette', album similarity=0.63, score=120.5
[2026-08-01 14:31:24] Cover selected from release group 'Russian Roulette' (4e522973-dc33-4025-b448-84c46ac52a65)
[2026-08-01 14:31:24] Saved disk cache: 87789f56c8d24b496bcf8f2fd112e2005a4d007cdca9f5379476f6f2c160a1fa_210x210.rgb565
[2026-08-01 14:31:24] RGB565 artwork ready for '러시안 룰렛 Russian Roulette' / 'Red Velvet': 88200 bytes
[2026-08-01 14:34:50] Immediate disk cache hit for 'Amen' / 'keshi' / 'Requiem'
[2026-08-01 14:35:00] Cache miss for 'Sugarcoat (NATTY Solo)' / 'KISS OF LIFE' / 'KISS OF LIFE'
[2026-08-01 14:35:08] No ranked MusicBrainz release for 'Sugarcoat (NATTY Solo)' / 'KISS OF LIFE' / 'KISS OF LIFE'
[2026-08-01 14:35:08] No Cover Art Archive image for 'Sugarcoat (NATTY Solo)' / 'KISS OF LIFE' / 'KISS OF LIFE'
[2026-08-01 14:35:08] Saved disk cache: 14d82efa14b5c30bed2d16ac1b787caddac9058051564a815dbf09302441e8c2_210x210.rgb565
[2026-08-01 14:35:08] RGB565 artwork ready for 'Sugarcoat (NATTY Solo)' / 'KISS OF LIFE': 88200 bytes
[2026-08-01 14:38:00] Cache miss for 'intentions' / 'starfall' / 'alone tonight'
[2026-08-01 14:38:01] Best MusicBrainz release: 'alone tonight', album similarity=1.00, score=153.0
[2026-08-01 14:38:03] Cover selected from release 'alone tonight' (f1f8bc3d-f115-445e-b8d4-51118b38f61a)
[2026-08-01 14:38:03] Saved disk cache: 327ab94ed4a4aa8dfa2c2aca4668602acee4215fb945cc1b61e74776bf18b436_210x210.rgb565
[2026-08-01 14:38:03] RGB565 artwork ready for 'intentions' / 'starfall': 88200 bytes
[2026-08-01 14:41:46] Cache miss for 'Kiss Me Right' / 'keshi' / 'Requiem (Bonus Edition)'
[2026-08-01 14:41:49] Best MusicBrainz release: 'Requiem', album similarity=1.00, score=141.0
[2026-08-01 14:41:51] Cover selected from release 'Requiem' (54dae7cd-0938-4b92-8f37-a7aceb2df5ef)
[2026-08-01 14:41:51] Saved disk cache: 0fcb634715c63103aa9151efd3fa6536ef1fe8b89d0c120665649f871bb4c570_210x210.rgb565
[2026-08-01 14:41:51] RGB565 artwork ready for 'Kiss Me Right' / 'keshi': 88200 bytes
[2026-08-01 14:44:28] Cache miss for 'Skrr (feat. GISELLE)' / 'HAON' / 'Skrr (feat. GISELLE)'
[2026-08-01 14:44:31] No ranked MusicBrainz release for 'Skrr (feat. GISELLE)' / 'HAON' / 'Skrr (feat. GISELLE)'
[2026-08-01 14:44:31] No Cover Art Archive image for 'Skrr (feat. GISELLE)' / 'HAON' / 'Skrr (feat. GISELLE)'
[2026-08-01 14:44:31] Saved disk cache: 4943334e253c3b0af31e9c81e62b904e9669d6a5888d74e57c87c832e7e1c27e_210x210.rgb565
[2026-08-01 14:44:31] RGB565 artwork ready for 'Skrr (feat. GISELLE)' / 'HAON': 88200 bytes
[2026-08-01 14:48:08] Cache miss for 'annie.' / 'wave to earth' / 'play with earth! 0.03'
[2026-08-01 14:48:12] Best MusicBrainz release: 'play with earth! 0.03', album similarity=1.00, score=153.0
[2026-08-01 14:48:15] Cover selected from release 'play with earth! 0.03' (3323eded-2493-46ab-9021-d76bd97aeff2)
[2026-08-01 14:48:15] Saved disk cache: a829bb2dfb010b1b2d9b8536401a1e64a6518172e1198917cb1f8e2e69f9442d_210x210.rgb565
[2026-08-01 14:48:15] RGB565 artwork ready for 'annie.' / 'wave to earth': 88200 bytes
[2026-08-01 14:50:30] Media session manually selected: Spotify — annie.
[2026-08-01 14:50:30] Media session manually selected: Chrome — sped up songs that vibe
[2026-08-01 14:50:30] Immediate disk cache hit for 'sped up songs that vibe' / 'Titaiton' / 'Chrome'
[2026-08-01 14:50:30] Media source selection changed to Auto
[2026-08-01 14:50:30] Immediate memory cache hit for 'annie.' / 'wave to earth' / 'play with earth! 0.03'
[2026-08-01 14:50:31] Media session manually selected: Spotify — annie.
[2026-08-01 14:50:31] Media session manually selected: Chrome — sped up songs that vibe
[2026-08-01 14:50:31] Immediate memory cache hit for 'sped up songs that vibe' / 'Titaiton' / 'Chrome'
[2026-08-01 14:50:31] Media source selection changed to Auto
[2026-08-01 14:50:32] Immediate memory cache hit for 'annie.' / 'wave to earth' / 'play with earth! 0.03'
[2026-08-01 14:50:32] Media session manually selected: Spotify — annie.
[2026-08-01 14:50:36] The manually selected media session is no longer available; returning to Auto
[2026-08-01 14:50:36] Cache miss for 'love.' / 'wave to earth' / '0.1 flaws and all.'
[2026-08-01 14:50:37] Best MusicBrainz release: '0.1 flaws and all.', album similarity=1.00, score=153.0
[2026-08-01 14:50:41] Cover selected from release '0.1 flaws and all.' (29b52234-1013-4b6e-9414-7fd0719c1922)
[2026-08-01 14:50:41] Saved disk cache: 37fe66d9d89889a3ff74a8d0a0e30dfb3cd90435f3844d888f5d2f6d47dc3dad_210x210.rgb565
[2026-08-01 14:50:41] RGB565 artwork ready for 'love.' / 'wave to earth': 88200 bytes
[2026-08-01 14:55:44] Cache miss for 'do you think you could love me?' / 'yung kai' / 'do you think you could love me?'
[2026-08-01 14:55:45] Best MusicBrainz release: 'do you think you could love me?', album similarity=1.00, score=153.0
[2026-08-01 14:55:47] Cover selected from release 'do you think you could love me?' (7b7d1cef-74d9-46d9-9c43-954d406ac873)
[2026-08-01 14:55:47] Saved disk cache: 2a01aba67ee4c5e320689ad5ad97a169b0f913c147f965c745dae05561fa9213_210x210.rgb565
[2026-08-01 14:55:47] RGB565 artwork ready for 'do you think you could love me?' / 'yung kai': 88200 bytes
[2026-08-01 14:58:28] Cache miss for 'back to friends' / 'sombr' / 'back to friends'
[2026-08-01 14:58:30] Best MusicBrainz release: 'back to friends', album similarity=1.00, score=153.0
[2026-08-01 14:58:32] Cover selected from release 'back to friends' (43367358-fed9-4518-86be-c157676fea91)
[2026-08-01 14:58:32] Saved disk cache: f11cdaef79cfeffc9313ad7ef7622be4f4a437006d9c693c96965f2d5a4f73c7_210x210.rgb565
[2026-08-01 14:58:32] RGB565 artwork ready for 'back to friends' / 'sombr': 88200 bytes
[2026-08-01 15:01:47] Cache miss for 'wildflower' / 'yung kai' / 'wildflower'
[2026-08-01 15:01:48] Best MusicBrainz release: 'wildflower', album similarity=1.00, score=153.0
[2026-08-01 15:01:50] Cover selected from release 'wildflower' (df31aa2e-e978-4e35-93d6-abb10cdc9f6f)
[2026-08-01 15:01:50] Saved disk cache: 16ffdabfc99a66f8f5a09f8a01ca13380ee846b77ea1cac27008a852e98930fb_210x210.rgb565
[2026-08-01 15:01:50] RGB565 artwork ready for 'wildflower' / 'yung kai': 88200 bytes
[2026-08-01 15:04:43] Cache miss for 'surf. - album ver.' / 'wave to earth' / 'summer flows 0.02'
[2026-08-01 15:04:53] No ranked MusicBrainz release for 'surf. - album ver.' / 'wave to earth' / 'summer flows 0.02'
[2026-08-01 15:04:53] No Cover Art Archive image for 'surf. - album ver.' / 'wave to earth' / 'summer flows 0.02'
[2026-08-01 15:04:53] Saved disk cache: e3e49e31c4e50b34e0a077fc887c4ba3b7b8a45131766732fcc8fe95b69019b2_210x210.rgb565
[2026-08-01 15:04:53] RGB565 artwork ready for 'surf. - album ver.' / 'wave to earth': 88200 bytes
[2026-08-01 15:04:53] Cache miss for 'Lily of The Valley' / 'DANIEL' / 'Flower'
[2026-08-01 15:04:55] Best MusicBrainz release: 'Flower', album similarity=1.00, score=153.0
[2026-08-01 15:04:57] Cover selected from release 'Flower' (a0cb050c-c7e4-4f19-9c55-1aee960a4bf8)
[2026-08-01 15:04:57] Saved disk cache: f4c0758f9cb66470b80490b7b9b3da11467d946ee0190af64f5da0b55e534818_210x210.rgb565
[2026-08-01 15:04:57] RGB565 artwork ready for 'Lily of The Valley' / 'DANIEL': 88200 bytes
[2026-08-01 15:10:07] Cache miss for 'WA-R-R' / 'Colde' / 'Love Part 1'
[2026-08-01 15:10:08] Best MusicBrainz release: 'Love Part 1', album similarity=1.00, score=153.0
[2026-08-01 15:10:14] Cover selected from release 'Love Part 1' (7d1e8cac-06ac-4bf6-aba4-909cd44555d7)
[2026-08-01 15:10:14] Saved disk cache: ee8a43c1852c2f730ff16b4c333207f732c83a5e87886e109cf36f223912f741_210x210.rgb565
[2026-08-01 15:10:14] RGB565 artwork ready for 'WA-R-R' / 'Colde': 88200 bytes
[2026-08-01 15:11:10] Immediate disk cache hit for '러시안 룰렛 Russian Roulette' / 'Red Velvet' / 'Russian Roulette - The 3rd Mini Album'
[2026-08-01 15:13:02] Immediate disk cache hit for '러시안 룰렛 Russian Roulette' / 'Red Velvet' / 'Russian Roulette - The 3rd Mini Album'
[2026-08-01 15:13:16] Immediate disk cache hit for '러시안 룰렛 Russian Roulette' / 'Red Velvet' / 'Russian Roulette - The 3rd Mini Album'
[2026-08-01 15:14:47] Cache miss for 'Far Away' / 'EASHA' / 'Far Away'
[2026-08-01 15:14:47] Best MusicBrainz release: 'Far Away', album similarity=1.00, score=151.6
[2026-08-01 15:14:49] Cover selected from release 'Far Away' (29b37820-8ee5-4f44-8c21-79744c1a34ac)
[2026-08-01 15:14:49] Saved disk cache: de2b2eb842b49e3d9963a0efcc8a377fdec328278a58d6c14fd198dbd9d98104_210x210.rgb565
[2026-08-01 15:14:49] RGB565 artwork ready for 'Far Away' / 'EASHA': 88200 bytes
[2026-08-01 15:17:52] Cache miss for "You'll Be in My Heart" / 'NIKI' / "You'll Be In My Heart"
[2026-08-01 15:17:53] Best MusicBrainz release: 'You’ll Be In My Heart', album similarity=1.00, score=153.0
[2026-08-01 15:17:55] Cover selected from release 'You’ll Be In My Heart' (dbe610ab-6b7c-4950-a89a-391862e23b39)
[2026-08-01 15:17:55] Saved disk cache: fee407fada4d15183a53a711658d09f208abc730f068d1ce8ede842a5ebacec6_210x210.rgb565
[2026-08-01 15:17:55] RGB565 artwork ready for "You'll Be in My Heart" / 'NIKI': 88200 bytes
[2026-08-01 15:23:25] Cache miss for 'Every Summertime' / 'NIKI' / 'Every Summertime'
[2026-08-01 15:23:26] Best MusicBrainz release: 'Every Summertime', album similarity=1.00, score=153.0
[2026-08-01 15:23:28] Cover selected from release 'Every Summertime' (7dc6d5e5-2864-4e2f-a96e-f2af85df0037)
[2026-08-01 15:23:28] Saved disk cache: b3a1e1609e92afc9e09c6cd065f6a637109dee71872d55df2c567eacecfc4cb4_210x210.rgb565
[2026-08-01 15:23:28] RGB565 artwork ready for 'Every Summertime' / 'NIKI': 88200 bytes
[2026-08-01 15:23:40] Immediate disk cache hit for '러시안 룰렛 Russian Roulette' / 'Red Velvet' / 'Russian Roulette - The 3rd Mini Album'
[2026-08-01 15:23:42] Media session manually selected: Spotify — 러시안 룰렛 Russian Roulette
[2026-08-01 15:27:31] Cache miss for 'ONLY' / 'LEEHI' / '4 ONLY'
[2026-08-01 15:27:34] No ranked MusicBrainz release for 'ONLY' / 'LEEHI' / '4 ONLY'
[2026-08-01 15:27:34] No Cover Art Archive image for 'ONLY' / 'LEEHI' / '4 ONLY'
[2026-08-01 15:27:34] Saved disk cache: cd1b2aa9d22b304bf537e14222d40ce3a3953b2b32d146b632fd17590f0ed60e_210x210.rgb565
[2026-08-01 15:27:34] RGB565 artwork ready for 'ONLY' / 'LEEHI': 88200 bytes
[2026-08-01 15:31:13] Cache miss for 'Ojos Tristes (with The Marías)' / 'Selena Gomez' / 'I Said I Love You First'
[2026-08-01 15:31:19] No ranked MusicBrainz release for 'Ojos Tristes (with The Marías)' / 'Selena Gomez' / 'I Said I Love You First'
[2026-08-01 15:31:19] No Cover Art Archive image for 'Ojos Tristes (with The Marías)' / 'Selena Gomez' / 'I Said I Love You First'
[2026-08-01 15:31:19] Saved disk cache: 4474995e4122148a0cc9bffc67084368eff38aaa084bc336d9e0a53aa34f9acb_210x210.rgb565
[2026-08-01 15:31:19] RGB565 artwork ready for 'Ojos Tristes (with The Marías)' / 'Selena Gomez': 88200 bytes
[2026-08-01 15:34:29] Immediate disk cache hit for 'play with earth!' / 'wave to earth' / 'play with earth! 0.03'
[2026-08-01 15:35:31] Immediate disk cache hit for 'play with earth!' / 'wave to earth' / 'play with earth! 0.03'
[2026-08-01 15:37:31] Cache miss for 'You' / 'Mk.gee' / 'Pronounced McGee'
[2026-08-01 15:37:32] Best MusicBrainz release: 'Pronounced McGee', album similarity=1.00, score=152.6
[2026-08-01 15:37:34] Cover selected from release 'Pronounced McGee' (da3d97ab-2836-4115-adae-37aa04c67d90)
[2026-08-01 15:37:34] Saved disk cache: 34b5e27d3ba795821e25e038b636e07145697237d070dd0e0ed236df24ae084b_210x210.rgb565
[2026-08-01 15:37:35] RGB565 artwork ready for 'You' / 'Mk.gee': 88200 bytes
[2026-08-01 15:40:23] Immediate disk cache hit for 'You' / 'Mk.gee' / 'Pronounced McGee'
[2026-08-01 15:41:03] Immediate disk cache hit for '러시안 룰렛 Russian Roulette' / 'Red Velvet' / 'Russian Roulette - The 3rd Mini Album'
[2026-08-01 15:48:16] Cache miss for '@elio.irl' / 'ELIO' / 'Can You Hear Me Now?'
[2026-08-01 15:48:17] Best MusicBrainz release: 'Can You Hear Me Now?', album similarity=1.00, score=153.0
[2026-08-01 15:48:19] Cover selected from release 'Can You Hear Me Now?' (cbd082e3-3d6f-4e24-ae04-73a8b908665e)
[2026-08-01 15:48:19] Saved disk cache: b10559df83f3633b66eb78ec65b453e2f5656a087c2648186e7ec0d539827073_210x210.rgb565
[2026-08-01 15:48:19] RGB565 artwork ready for '@elio.irl' / 'ELIO': 88200 bytes
[2026-08-01 15:52:09] Cache miss for 'Gabriela' / 'KATSEYE' / 'Gabriela'
[2026-08-01 15:52:11] Best MusicBrainz release: 'Gabriela', album similarity=1.00, score=153.0
[2026-08-01 15:52:13] Cover selected from release 'Gabriela' (08a5ebd2-c1ab-49e1-8057-e353e3b0f3ba)
[2026-08-01 15:52:13] Saved disk cache: 95459fa1354745ff74e59542fdf30dfb29efc5a0f2a311cb3c1e285009c0ce7f_210x210.rgb565
[2026-08-01 15:52:13] RGB565 artwork ready for 'Gabriela' / 'KATSEYE': 88200 bytes
[2026-08-01 15:55:27] Cache miss for 'Petals on the Moon' / 'Wasia Project' / 'Petals on the Moon'
[2026-08-01 15:55:28] Best MusicBrainz release: 'Petals on the Moon', album similarity=1.00, score=153.0
[2026-08-01 15:55:29] Cover selected from release 'Petals on the Moon' (62f4096c-3b25-4aee-adb5-b0bf801078ff)
[2026-08-01 15:55:30] Saved disk cache: d7effda4ac721ac6f5c7ea30b67a9a902925c269fc6127a90bd5946d79fa5856_210x210.rgb565
[2026-08-01 15:55:30] RGB565 artwork ready for 'Petals on the Moon' / 'Wasia Project': 88200 bytes
[2026-08-01 15:59:43] Cache miss for 'Beaches' / 'beabadoobee' / 'This Is How Tomorrow Moves'
[2026-08-01 15:59:44] Best MusicBrainz release: 'This Is How Tomorrow Moves', album similarity=1.00, score=153.0
[2026-08-01 15:59:50] Cover selected from release 'This Is How Tomorrow Moves' (82e148e5-6453-4275-9cb6-dc3a7243fa52)
[2026-08-01 15:59:50] Saved disk cache: 718eafc7ea1c039d52a80dfefb3e0475381937d4aed22a399d046af88a5a032a_210x210.rgb565
[2026-08-01 15:59:50] RGB565 artwork ready for 'Beaches' / 'beabadoobee': 88200 bytes
[2026-08-01 16:03:33] Cache miss for 'Right Now' / 'NewJeans' / 'Supernatural'
[2026-08-01 16:03:34] Best MusicBrainz release: 'Supernatural', album similarity=1.00, score=153.0
[2026-08-01 16:03:37] Cover selected from release 'Supernatural' (f2a98d19-b09c-4f62-9dcd-5dd9e25e9f2a)
[2026-08-01 16:03:37] Saved disk cache: 7aeed1f49b7beef8dbfcc46bc55354ae0976cc4936aa8602875d31658a781e35_210x210.rgb565
[2026-08-01 16:03:37] RGB565 artwork ready for 'Right Now' / 'NewJeans': 88200 bytes
[2026-08-01 16:06:28] Cache miss for 'Unknown title' / 'Spotify' / 'Spotify'
[2026-08-01 16:06:38] No ranked MusicBrainz release for 'Unknown title' / 'Spotify' / 'Spotify'
[2026-08-01 16:06:38] No Cover Art Archive image for 'Unknown title' / 'Spotify' / 'Spotify'
[2026-08-01 16:06:38] Saved disk cache: 342781563297c4ec221a4926da32cbe5734cc65125bec24e4c49a01866bdd2d8_210x210.rgb565
[2026-08-01 16:06:38] RGB565 artwork ready for 'Unknown title' / 'Spotify': 88200 bytes
[2026-08-01 16:09:44] Cache miss for 'back from the dead (with mxmtoon)' / 'Lyn Lapid/mxmtoon' / 'back from the dead'
[2026-08-01 16:09:48] No ranked MusicBrainz release for 'back from the dead (with mxmtoon)' / 'Lyn Lapid/mxmtoon' / 'back from the dead'
[2026-08-01 16:09:48] No Cover Art Archive image for 'back from the dead (with mxmtoon)' / 'Lyn Lapid/mxmtoon' / 'back from the dead'
[2026-08-01 16:09:48] Saved disk cache: e5665b78cdd2da657e75839291ef1ee90dca8b0d52d4d9af020ecac941702216_210x210.rgb565
[2026-08-01 16:09:48] RGB565 artwork ready for 'back from the dead (with mxmtoon)' / 'Lyn Lapid/mxmtoon': 88200 bytes
[2026-08-01 16:11:51] Immediate memory cache hit for 'Unknown title' / 'Spotify' / 'Spotify'
[2026-08-01 19:34:18] Immediate memory cache hit for 'back from the dead (with mxmtoon)' / 'Lyn Lapid/mxmtoon' / 'back from the dead'
[2026-08-01 19:35:20] Immediate disk cache hit for 'surf.' / 'wave to earth' / 'summer flows 0.02'
[2026-08-01 19:35:26] Cache miss for 'poster boy' / 'Lyn Lapid' / 'to love in the 21st century'
[2026-08-01 19:35:27] Best MusicBrainz release: 'to love in the 21st century', album similarity=1.00, score=153.0
[2026-08-01 19:35:29] Cover selected from release 'to love in the 21st century' (8bb7d364-e1f8-4ab4-8ef3-9fd7062c7405)
[2026-08-01 19:35:29] Saved disk cache: e67f601123fd65327b67a1ee7a5505ae82af7ad65691aa3f0150436d3b296f13_210x210.rgb565
[2026-08-01 19:35:29] RGB565 artwork ready for 'poster boy' / 'Lyn Lapid': 88200 bytes
[2026-08-01 19:38:11] Cache miss for 'Hey Lover' / 'The Daughters Of Eve' / 'Hey Lover'
[2026-08-01 19:38:14] Best MusicBrainz release: 'Hey Lover', album similarity=1.00, score=153.0
[2026-08-01 19:38:16] Cover selected from release 'Hey Lover' (6249a041-94e7-40f2-988f-5d3b5b498e36)
[2026-08-01 19:38:16] Saved disk cache: f00c50050921f1c368fe70c3b1291c38839444bb79e8708a821085d661bd10f1_210x210.rgb565
[2026-08-01 19:38:16] RGB565 artwork ready for 'Hey Lover' / 'The Daughters Of Eve': 88200 bytes
[2026-08-01 19:38:23] Cache miss for 'Read your Mind' / 'Sabrina Carpenter' / "emails i can't send"
[2026-08-01 19:38:24] Best MusicBrainz release: 'emails i can’t send', album similarity=1.00, score=153.0
[2026-08-01 19:38:26] Cover selected from release 'emails i can’t send' (69c87fe4-d5ba-4dc7-8664-c200b3840ad3)
[2026-08-01 19:38:26] Saved disk cache: 0a73dd47526b949f8e202e4b6da2d4e29d6164d6d117ead0c66e99b9b5382eb2_210x210.rgb565
[2026-08-01 19:38:26] RGB565 artwork ready for 'Read your Mind' / 'Sabrina Carpenter': 88200 bytes
[2026-08-01 19:40:49] Immediate memory cache hit for 'Unknown title' / 'Spotify' / 'Spotify'
[2026-08-01 19:40:52] Immediate memory cache hit for 'Read your Mind' / 'Sabrina Carpenter' / "emails i can't send"
[2026-08-01 19:41:19] Cache miss for 'Timeless (feat Playboi Carti)' / 'The Weeknd/Playboi Carti' / 'Hurry Up Tomorrow'
[2026-08-01 19:41:22] No ranked MusicBrainz release for 'Timeless (feat Playboi Carti)' / 'The Weeknd/Playboi Carti' / 'Hurry Up Tomorrow'
[2026-08-01 19:41:22] No Cover Art Archive image for 'Timeless (feat Playboi Carti)' / 'The Weeknd/Playboi Carti' / 'Hurry Up Tomorrow'
[2026-08-01 19:41:22] Saved disk cache: fc08043e766c22402be48c37dfdf4c894eac5cf90d5a4d1fa9b64ade17a71369_210x210.rgb565
[2026-08-01 19:41:22] RGB565 artwork ready for 'Timeless (feat Playboi Carti)' / 'The Weeknd/Playboi Carti': 88200 bytes
[2026-08-01 19:41:22] Cache miss for 'Jewelry (Prod. imase)' / 'LE SSERAFIM' / 'UNFORGIVEN'
[2026-08-01 19:41:25] No ranked MusicBrainz release for 'Jewelry (Prod. imase)' / 'LE SSERAFIM' / 'UNFORGIVEN'
[2026-08-01 19:41:25] No Cover Art Archive image for 'Jewelry (Prod. imase)' / 'LE SSERAFIM' / 'UNFORGIVEN'
[2026-08-01 19:41:25] Saved disk cache: e42692cdbc39f9cdd7e8147fedf6480e4230b582d80a35f516d68f89a4f652a6_210x210.rgb565
[2026-08-01 19:41:25] RGB565 artwork ready for 'Jewelry (Prod. imase)' / 'LE SSERAFIM': 88200 bytes
[2026-08-01 19:41:25] Cache miss for 'I GOT YOU' / 'TWICE' / 'I GOT YOU'
[2026-08-01 19:41:28] Best MusicBrainz release: 'I GOT YOU', album similarity=1.00, score=153.0
[2026-08-01 19:41:30] Cover selected from release 'I GOT YOU' (4e1b203e-c228-43d8-b612-aa787e3f313a)
[2026-08-01 19:41:30] Saved disk cache: d8841bea8f035f5c548b202a6b25a22c27f1462789bdc52ecc3b6f128e475f41_210x210.rgb565
[2026-08-01 19:41:30] RGB565 artwork ready for 'I GOT YOU' / 'TWICE': 88200 bytes
[2026-08-01 19:44:17] Cache miss for 'Please Please Please' / 'Sabrina Carpenter' / "Short n' Sweet"
[2026-08-01 19:44:18] Best MusicBrainz release: "Short n' Sweet", album similarity=1.00, score=153.0
[2026-08-01 19:44:19] Cover selected from release "Short n' Sweet" (b941a017-7eee-4d85-9d15-e8f9bab9f738)
[2026-08-01 19:44:19] Saved disk cache: 23942713b24da1d51a2ef745747be14925faf94240c2058f8b6c2556a3dfc684_210x210.rgb565
[2026-08-01 19:44:19] RGB565 artwork ready for 'Please Please Please' / 'Sabrina Carpenter': 88200 bytes
[2026-08-01 19:46:10] Immediate memory cache hit for 'Unknown title' / 'Spotify' / 'Spotify'
[2026-08-01 19:46:15] Immediate memory cache hit for 'Please Please Please' / 'Sabrina Carpenter' / "Short n' Sweet"
[2026-08-01 19:46:32] Immediate memory cache hit for 'Unknown title' / 'Spotify' / 'Spotify'
[2026-08-01 19:46:33] Immediate memory cache hit for 'Please Please Please' / 'Sabrina Carpenter' / "Short n' Sweet"
[2026-08-01 19:55:48] Immediate memory cache hit for 'Unknown title' / 'Spotify' / 'Spotify'
[2026-08-01 20:00:27] Immediate memory cache hit for 'Please Please Please' / 'Sabrina Carpenter' / "Short n' Sweet"
[2026-08-01 20:01:34] Immediate memory cache hit for 'Unknown title' / 'Spotify' / 'Spotify'
[2026-08-01 20:01:55] Immediate memory cache hit for 'Please Please Please' / 'Sabrina Carpenter' / "Short n' Sweet"
[2026-08-01 20:02:01] Cache miss for 'Ash' / 'LE SSERAFIM' / 'HOT'
[2026-08-01 20:02:02] Best MusicBrainz release: 'HOT', album similarity=1.00, score=153.0
[2026-08-01 20:02:04] Cover selected from release 'HOT' (1ff99187-9cfb-42d9-8522-b38df85266f3)
[2026-08-01 20:02:04] Saved disk cache: 781155b3b93c13992990b3da0e3d4407afd680536621c32f4ab028bcc07d0fdc_210x210.rgb565
[2026-08-01 20:02:04] RGB565 artwork ready for 'Ash' / 'LE SSERAFIM': 88200 bytes
[2026-08-01 20:02:20] Cache miss for 'Ojos Tristes (with The Marías)' / 'Selena Gomez/benny blanco/The Marías' / 'I Said I Love You First'
[2026-08-01 20:02:22] No ranked MusicBrainz release for 'Ojos Tristes (with The Marías)' / 'Selena Gomez/benny blanco/The Marías' / 'I Said I Love You First'
[2026-08-01 20:02:22] No Cover Art Archive image for 'Ojos Tristes (with The Marías)' / 'Selena Gomez/benny blanco/The Marías' / 'I Said I Love You First'
[2026-08-01 20:02:22] Saved disk cache: 79c84fc6914c0066462ff2196f04fb3afe2635df4228995b63f15676a9519f01_210x210.rgb565
[2026-08-01 20:02:22] RGB565 artwork ready for 'Ojos Tristes (with The Marías)' / 'Selena Gomez/benny blanco/The Marías': 88200 bytes
[2026-08-01 20:02:23] Cache miss for 'How Sweet' / 'NewJeans' / 'How Sweet'
[2026-08-01 20:02:24] Best MusicBrainz release: 'How Sweet', album similarity=1.00, score=153.0
[2026-08-01 20:02:27] Cover selected from release 'How Sweet' (2e69f7b4-7bf0-4e4c-aa7d-8142cd261b01)
[2026-08-01 20:02:27] Saved disk cache: 9afa30f7d01adc7fbd96dd2773c008f15fbe76be3129dca9b77a549e5931038b_210x210.rgb565
[2026-08-01 20:02:27] RGB565 artwork ready for 'How Sweet' / 'NewJeans': 88200 bytes
[2026-08-01 20:06:00] Cache miss for 'Heaven' / 'TOMORROW X TOGETHER' / 'The Star Chapter: SANCTUARY'
[2026-08-01 20:06:01] Best MusicBrainz release: 'The Star Chapter: SANCTUARY (Expanded Edition)', album similarity=1.00, score=153.0
[2026-08-01 20:06:05] Cover selected from release 'The Star Chapter: SANCTUARY (Expanded Edition)' (fb84a94b-635f-4b69-801a-65c67ee73780)
[2026-08-01 20:06:05] Saved disk cache: 52017dacd758a522256fb95e2b99240f08a6a769a95b142a838da70807792975_210x210.rgb565
[2026-08-01 20:06:05] RGB565 artwork ready for 'Heaven' / 'TOMORROW X TOGETHER': 88200 bytes
[2026-08-01 20:06:08] Cache miss for 'Your Eyes Only' / 'ENHYPEN' / 'ROMANCE : UNTOLD -daydream-'
[2026-08-01 20:06:08] Best MusicBrainz release: 'ROMANCE : UNTOLD -daydream-', album similarity=1.00, score=153.0
[2026-08-01 20:06:12] Cover selected from release 'ROMANCE : UNTOLD -daydream-' (97d384e6-372e-4ac4-a32c-abcbdc0abb60)
[2026-08-01 20:06:12] Saved disk cache: 2eb94c19178620b691a22f8de2e6725ecde8c78536015252767ae705a69faed2_210x210.rgb565
[2026-08-01 20:06:12] RGB565 artwork ready for 'Your Eyes Only' / 'ENHYPEN': 88200 bytes
[2026-08-01 20:06:12] Cache miss for 'I Just Wanna' / 'KALI' / 'I Just Wanna'
[2026-08-01 20:06:15] Best MusicBrainz release: 'CIRCLES', album similarity=0.21, score=97.6
[2026-08-01 20:06:18] No Cover Art Archive image for 'I Just Wanna' / 'KALI' / 'I Just Wanna'
[2026-08-01 20:06:18] Saved disk cache: 567eade12969cdcc902cc2273269e2b6400d2d09a0f1c5d2082c2538d0d00b90_210x210.rgb565
[2026-08-01 20:06:18] RGB565 artwork ready for 'I Just Wanna' / 'KALI': 88200 bytes
[2026-08-01 20:06:18] Cache miss for 'The Color Violet' / 'Tory Lanez' / 'Alone At Prom'
[2026-08-01 20:06:18] Best MusicBrainz release: 'Alone at Prom', album similarity=1.00, score=153.0
[2026-08-01 20:06:20] Cover selected from release 'Alone at Prom' (29737adc-146e-4cd6-b7e0-37d727c9d5fd)
[2026-08-01 20:06:20] Saved disk cache: 19516600dd94ab2cb4516760d6ac293d9987e3f4f46cea7472eda65282a13706_210x210.rgb565
[2026-08-01 20:06:20] RGB565 artwork ready for 'The Color Violet' / 'Tory Lanez': 88200 bytes
[2026-08-01 20:06:20] Cache miss for 'Feather' / 'Sabrina Carpenter' / 'emails i can’t send fwd:'
[2026-08-01 20:06:21] Best MusicBrainz release: 'emails i can’t send fwd:', album similarity=1.00, score=153.0
[2026-08-01 20:06:23] Cover selected from release 'emails i can’t send fwd:' (92fe5b40-2e1e-4b9d-8f14-8e82c8f9dacf)
[2026-08-01 20:06:23] Saved disk cache: a0a2e1cb8f04a2a8f2882fb8ec663c5054a0b20e70e21cb94bbcb2346ecbc706_210x210.rgb565
[2026-08-01 20:06:23] RGB565 artwork ready for 'Feather' / 'Sabrina Carpenter': 88200 bytes
[2026-08-01 20:06:23] Cache miss for 'DIFFERENT' / 'LE SSERAFIM' / 'DIFFERENT'
[2026-08-01 20:06:24] Best MusicBrainz release: 'DIFFERENT', album similarity=1.00, score=153.0
[2026-08-01 20:06:27] Cover selected from release 'DIFFERENT' (450ef304-a765-4ec9-88c7-029fad3555cf)
[2026-08-01 20:06:27] Saved disk cache: fc3c66df88f4bf8251cd68f184170504eab65355007e6c1f4ba2c830c08d5a3b_210x210.rgb565
[2026-08-01 20:06:27] RGB565 artwork ready for 'DIFFERENT' / 'LE SSERAFIM': 88200 bytes
[2026-08-01 20:08:41] Cache miss for 'Ditto' / 'NewJeans' / 'Ditto'
[2026-08-01 20:08:44] Best MusicBrainz release: 'Ditto', album similarity=1.00, score=153.0
[2026-08-01 20:08:46] Cover selected from release 'Ditto' (8ad1aa2b-e006-441d-b97f-642437e8092f)
[2026-08-01 20:08:46] Saved disk cache: 9c9d422864c0a4ab49d7dbd1d5fe65c88462f516f0d7e09519916b926b36a953_210x210.rgb565
[2026-08-01 20:08:46] RGB565 artwork ready for 'Ditto' / 'NewJeans': 88200 bytes
[2026-08-01 20:15:48] Immediate memory cache hit for 'Unknown title' / 'Spotify' / 'Spotify'
[2026-08-01 20:15:50] Cache miss for 'DIVE' / 'TWICE' / 'DIVE'
[2026-08-01 20:15:51] Best MusicBrainz release: 'DIVE', album similarity=1.00, score=153.0
[2026-08-01 20:15:53] Cover selected from release 'DIVE' (a536ddcb-678c-4f50-86dd-e4b49495b934)
[2026-08-01 20:15:53] Saved disk cache: c62dd6b47f7bde424f2a8f05e69e5c3e7d8484616355a54fe277a28fad3d572b_210x210.rgb565
[2026-08-01 20:15:53] RGB565 artwork ready for 'DIVE' / 'TWICE': 88200 bytes
[2026-08-01 20:16:31] Cache miss for 'Borderline' / 'Tame Impala' / 'The Slow Rush'
[2026-08-01 20:16:32] Best MusicBrainz release: 'The Slow Rush', album similarity=1.00, score=153.0
[2026-08-01 20:16:34] Cover selected from release 'The Slow Rush' (2912c9db-eacb-4207-93a6-7696615be302)
[2026-08-01 20:16:34] Saved disk cache: 77b2a4444dba2260f63efb3f24e35f6e77f9dbfd849fcbf6285b57058c937dc4_210x210.rgb565
[2026-08-01 20:16:34] RGB565 artwork ready for 'Borderline' / 'Tame Impala': 88200 bytes
[2026-08-01 20:16:34] Cache miss for 'MOONLIGHT' / 'TWICE' / 'Formula of Love: O+T=<3'
[2026-08-01 20:16:35] Best MusicBrainz release: 'Formula of Love: O+T=<3', album similarity=1.00, score=153.0
[2026-08-01 20:16:36] Cover selected from release 'Formula of Love: O+T=<3' (6c6f3793-4e74-4fc4-9a63-38b705fecf4b)
[2026-08-01 20:16:36] Saved disk cache: 0e044d6dbfa51d5d723c9cdb80c54ae1c08a50fa7c9ffada42db90009b1f277d_210x210.rgb565
[2026-08-01 20:16:36] RGB565 artwork ready for 'MOONLIGHT' / 'TWICE': 88200 bytes
[2026-08-01 20:18:31] Immediate memory cache hit for 'Unknown title' / 'Spotify' / 'Spotify'
[2026-08-01 20:18:33] Immediate memory cache hit for 'MOONLIGHT' / 'TWICE' / 'Formula of Love: O+T=<3'
[2026-08-01 20:20:23] Cache miss for 'Lejos de Ti' / 'The Marías' / 'Submarine'
[2026-08-01 20:20:25] Best MusicBrainz release: 'Submarine', album similarity=1.00, score=153.0
[2026-08-01 20:20:27] Cover selected from release 'Submarine' (32f5bc03-1dea-410f-85d7-ee86704663f2)
[2026-08-01 20:20:27] Saved disk cache: 23fb420da5b8b9077f38a2ef6603637cf14d078d145e0757065aec6a9d332d3e_210x210.rgb565
[2026-08-01 20:20:27] RGB565 artwork ready for 'Lejos de Ti' / 'The Marías': 88200 bytes
[2026-08-01 20:20:27] Cache miss for 'Golden' / 'HUNTR/X/EJAE/AUDREY NUNA/REI AMI/KPop Demon Hunters Cast' / 'KPop Demon Hunters (Soundtrack from the Netflix Film)'
[2026-08-01 20:20:41] No ranked MusicBrainz release for 'Golden' / 'HUNTR/X/EJAE/AUDREY NUNA/REI AMI/KPop Demon Hunters Cast' / 'KPop Demon Hunters (Soundtrack from the Netflix Film)'
[2026-08-01 20:20:41] No Cover Art Archive image for 'Golden' / 'HUNTR/X/EJAE/AUDREY NUNA/REI AMI/KPop Demon Hunters Cast' / 'KPop Demon Hunters (Soundtrack from the Netflix Film)'
[2026-08-01 20:20:41] Saved disk cache: 14e4d5978b4bedbd31ac5f2b3cd29766639fbbc77076d5a8001f9869116e708e_210x210.rgb565
[2026-08-01 20:20:41] RGB565 artwork ready for 'Golden' / 'HUNTR/X/EJAE/AUDREY NUNA/REI AMI/KPop Demon Hunters Cast': 88200 bytes
[2026-08-01 20:22:41] Immediate memory cache hit for 'Unknown title' / 'Spotify' / 'Spotify'
[2026-08-01 20:22:42] Immediate memory cache hit for 'Golden' / 'HUNTR/X/EJAE/AUDREY NUNA/REI AMI/KPop Demon Hunters Cast' / 'KPop Demon Hunters (Soundtrack from the Netflix Film)'
[2026-08-01 20:31:25] Immediate memory cache hit for 'Unknown title' / 'Spotify' / 'Spotify'
[2026-08-01 20:31:26] Immediate memory cache hit for 'Golden' / 'HUNTR/X/EJAE/AUDREY NUNA/REI AMI/KPop Demon Hunters Cast' / 'KPop Demon Hunters (Soundtrack from the Netflix Film)'
[2026-08-01 20:32:28] Cache miss for "Can't Say No" / 'JJD' / "Can't Say No"
[2026-08-01 20:32:29] Best MusicBrainz release: "Can't Say No", album similarity=1.00, score=153.0
[2026-08-01 20:32:31] Cover selected from release "Can't Say No" (a0c896a8-4fa8-4f18-b7df-011540cc109d)
[2026-08-01 20:32:31] Saved disk cache: 1e9b916178ac8884ad2d2d759b72b06c2ebf57af7541405283cc6616fdecde65_210x210.rgb565
[2026-08-01 20:32:31] RGB565 artwork ready for "Can't Say No" / 'JJD': 88200 bytes
[2026-08-01 20:32:34] Cache miss for 'LET LOVE GO (JEONGYEON, MOMO, SANA, TZUYU)' / 'TWICE' / 'THIS IS FOR'
[2026-08-01 20:32:37] No ranked MusicBrainz release for 'LET LOVE GO (JEONGYEON, MOMO, SANA, TZUYU)' / 'TWICE' / 'THIS IS FOR'
[2026-08-01 20:32:37] No Cover Art Archive image for 'LET LOVE GO (JEONGYEON, MOMO, SANA, TZUYU)' / 'TWICE' / 'THIS IS FOR'
[2026-08-01 20:32:37] Saved disk cache: 0f735a328c116ae3ea75e18d1256394ccdce69da2d54a9f1ca4b08b67f1df21f_210x210.rgb565
[2026-08-01 20:32:37] RGB565 artwork ready for 'LET LOVE GO (JEONGYEON, MOMO, SANA, TZUYU)' / 'TWICE': 88200 bytes
[2026-08-01 20:33:57] Cache miss for 'SOS' / 'TWICE' / 'Taste of Love'
[2026-08-01 20:33:58] Best MusicBrainz release: 'Taste of Love', album similarity=1.00, score=153.0
[2026-08-01 20:34:00] Cover selected from release 'Taste of Love' (2261df95-0244-4c0a-b0b3-2aec92a14e13)
[2026-08-01 20:34:00] Saved disk cache: 88fd51241f454bab626a4c97342a2a25d5958b87e8436531f43a949bacae0d24_210x210.rgb565
[2026-08-01 20:34:00] RGB565 artwork ready for 'SOS' / 'TWICE': 88200 bytes
[2026-08-01 20:34:03] Cache miss for 'What is Love?' / 'TWICE' / 'Summer Nights'
[2026-08-01 20:34:04] Best MusicBrainz release: 'Summer Nights', album similarity=1.00, score=153.0
[2026-08-01 20:34:06] Cover selected from release 'Summer Nights' (3ebd3d63-5e78-4b16-890f-38189f33adec)
[2026-08-01 20:34:06] Saved disk cache: 5e7020e4fa205a85b08f4ac32bcb3b64be53c602a479fe8be81bb53c301d1720_210x210.rgb565
[2026-08-01 20:34:06] RGB565 artwork ready for 'What is Love?' / 'TWICE': 88200 bytes
[2026-08-01 20:34:16] Cache miss for 'Cosmic' / 'Celine Wanyi' / 'Cosmic'
[2026-08-01 20:34:17] Best MusicBrainz release: 'Cosmic', album similarity=1.00, score=153.0
[2026-08-01 20:34:21] No Cover Art Archive image for 'Cosmic' / 'Celine Wanyi' / 'Cosmic'
[2026-08-01 20:34:21] Saved disk cache: f101bd46e38b57a496bcff2665c209fd141d99ce4c67b2f8500f1426476622e7_210x210.rgb565
[2026-08-01 20:34:21] RGB565 artwork ready for 'Cosmic' / 'Celine Wanyi': 88200 bytes
[2026-08-01 20:34:22] Cache miss for 'Opalite' / 'Taylor Swift' / 'The Life of a Showgirl'
[2026-08-01 20:34:23] Best MusicBrainz release: 'The Life of a Showgirl', album similarity=1.00, score=153.0
[2026-08-01 20:34:25] Cover selected from release 'The Life of a Showgirl' (93462c0b-a335-47ee-a9a7-1d495d98931a)
[2026-08-01 20:34:25] Saved disk cache: d32d5e7d25686e5a4774ff3a3f9d302d7928cc1c4699b99266d41ed4296099af_210x210.rgb565
[2026-08-01 20:34:25] RGB565 artwork ready for 'Opalite' / 'Taylor Swift': 88200 bytes
[2026-08-01 20:35:48] Immediate memory cache hit for 'Unknown title' / 'Spotify' / 'Spotify'
[2026-08-01 20:57:11] Immediate disk cache hit for 'sped up songs that vibe' / 'Titaiton' / 'Chrome'
[2026-08-01 20:59:59] Immediate disk cache hit for 'Stories • Instagram' / 'Chrome' / 'Chrome'
[2026-08-01 21:00:45] Immediate memory cache hit for 'sped up songs that vibe' / 'Titaiton' / 'Chrome'
[2026-08-01 21:07:15] Cache miss for 'How To Crochet - Easy Beginners Amigurumi Whale Tutorial | Low Sew' / 'Knit Grit' / 'Chrome'
[2026-08-01 21:07:23] No ranked MusicBrainz release for 'How To Crochet - Easy Beginners Amigurumi Whale Tutorial | Low Sew' / 'Knit Grit' / 'Chrome'
[2026-08-01 21:07:23] No Cover Art Archive image for 'How To Crochet - Easy Beginners Amigurumi Whale Tutorial | Low Sew' / 'Knit Grit' / 'Chrome'
[2026-08-01 21:07:23] Saved disk cache: eb16341d42ddc5605b75428dc280b8e6eba21d0f2f51b0613dcc8e7d05c169b0_210x210.rgb565
[2026-08-01 21:07:23] RGB565 artwork ready for 'How To Crochet - Easy Beginners Amigurumi Whale Tutorial | Low Sew' / 'Knit Grit': 88200 bytes
[2026-08-01 21:10:21] Immediate memory cache hit for 'How To Crochet - Easy Beginners Amigurumi Whale Tutorial | Low Sew' / 'Knit Grit' / 'Chrome'
[2026-08-01 21:11:55] Cache miss for 'Worst Way To Apply For A Job' / 'Daily Dose Of Internet' / 'Chrome'
[2026-08-01 21:11:58] No ranked MusicBrainz release for 'Worst Way To Apply For A Job' / 'Daily Dose Of Internet' / 'Chrome'
[2026-08-01 21:11:58] No Cover Art Archive image for 'Worst Way To Apply For A Job' / 'Daily Dose Of Internet' / 'Chrome'
[2026-08-01 21:11:58] Saved disk cache: 7b3f160cfcc0787696630997280ab704269f82ee595d8d3cf2ee5b8fd23de04a_210x210.rgb565
[2026-08-01 21:11:58] RGB565 artwork ready for 'Worst Way To Apply For A Job' / 'Daily Dose Of Internet': 88200 bytes
[2026-08-01 21:24:15] Immediate memory cache hit for 'Unknown title' / 'Spotify' / 'Spotify'
[2026-08-01 21:24:20] Immediate memory cache hit for 'Worst Way To Apply For A Job' / 'Daily Dose Of Internet' / 'Chrome'
[2026-08-01 21:25:55] Immediate memory cache hit for 'Unknown title' / 'Spotify' / 'Spotify'
[2026-08-01 21:25:56] Immediate memory cache hit for 'Worst Way To Apply For A Job' / 'Daily Dose Of Internet' / 'Chrome'
[2026-08-01 21:26:14] Immediate memory cache hit for 'How To Crochet - Easy Beginners Amigurumi Whale Tutorial | Low Sew' / 'Knit Grit' / 'Chrome'
[2026-08-01 21:26:20] Cache miss for 'speed songs that give me energy🎶🌟🌈' / 'kyoku!!' / 'Chrome'
[2026-08-01 21:26:23] No ranked MusicBrainz release for 'speed songs that give me energy🎶🌟🌈' / 'kyoku!!' / 'Chrome'
[2026-08-01 21:26:23] No Cover Art Archive image for 'speed songs that give me energy🎶🌟🌈' / 'kyoku!!' / 'Chrome'
[2026-08-01 21:26:23] Saved disk cache: b1ba845049fe921feac190ecf91167d8e8bede64041009f7d2089c91d47721e6_210x210.rgb565
[2026-08-01 21:26:23] RGB565 artwork ready for 'speed songs that give me energy🎶🌟🌈' / 'kyoku!!': 88200 bytes
[2026-08-01 21:29:30] Immediate memory cache hit for '(1) Instagram' / 'Chrome' / 'Chrome'
[2026-08-01 21:29:55] Cache miss for 'Riot Client' / 'Riot Client' / 'Riot Client'
[2026-08-01 21:29:57] No ranked MusicBrainz release for 'Riot Client' / 'Riot Client' / 'Riot Client'
[2026-08-01 21:29:57] No Cover Art Archive image for 'Riot Client' / 'Riot Client' / 'Riot Client'
[2026-08-01 21:29:57] Saved disk cache: daee765522555108656f40d07ffeff78f44a3c0942db4d2c18697c212428db58_210x210.rgb565
[2026-08-01 21:29:57] RGB565 artwork ready for 'Riot Client' / 'Riot Client': 88200 bytes
[2026-08-01 21:30:02] Immediate memory cache hit for '(1) Instagram' / 'Chrome' / 'Chrome'
[2026-08-01 21:30:36] Immediate memory cache hit for 'Instagram' / 'Chrome' / 'Chrome'
[2026-08-01 21:30:50] Immediate memory cache hit for 'Unknown title' / 'Spotify' / 'Spotify'
[2026-08-01 21:31:43] Immediate memory cache hit for 'Instagram' / 'Chrome' / 'Chrome'
[2026-08-01 21:31:45] Immediate memory cache hit for 'Unknown title' / 'Spotify' / 'Spotify'
[2026-08-01 21:31:58] Immediate memory cache hit for 'Instagram' / 'Chrome' / 'Chrome'
[2026-08-01 21:31:59] Immediate memory cache hit for 'Unknown title' / 'Spotify' / 'Spotify'
[2026-08-01 21:32:26] Immediate memory cache hit for 'Instagram' / 'Chrome' / 'Chrome'
[2026-08-01 21:32:43] Immediate memory cache hit for 'Unknown title' / 'Spotify' / 'Spotify'
[2026-08-01 21:32:55] Immediate memory cache hit for 'speed songs that give me energy🎶🌟🌈' / 'kyoku!!' / 'Chrome'
[2026-08-01 21:38:24] Immediate memory cache hit for 'Unknown title' / 'Spotify' / 'Spotify'
[2026-08-01 21:38:25] Immediate memory cache hit for 'speed songs that give me energy🎶🌟🌈' / 'kyoku!!' / 'Chrome'
[2026-08-01 21:39:39] Immediate memory cache hit for 'Unknown title' / 'Spotify' / 'Spotify'
[2026-08-01 21:39:40] Immediate memory cache hit for 'speed songs that give me energy🎶🌟🌈' / 'kyoku!!' / 'Chrome'
[2026-08-01 21:42:03] Immediate memory cache hit for 'Unknown title' / 'Spotify' / 'Spotify'
[2026-08-01 21:42:04] Immediate memory cache hit for 'speed songs that give me energy🎶🌟🌈' / 'kyoku!!' / 'Chrome'
[2026-08-01 21:47:18] Immediate memory cache hit for 'Unknown title' / 'Spotify' / 'Spotify'
[2026-08-01 21:47:20] Immediate memory cache hit for 'speed songs that give me energy🎶🌟🌈' / 'kyoku!!' / 'Chrome'
[2026-08-01 21:48:20] Immediate memory cache hit for 'Unknown title' / 'Spotify' / 'Spotify'
[2026-08-01 21:48:21] Immediate memory cache hit for '(2) Instagram' / 'Chrome' / 'Chrome'
[2026-08-01 21:48:50] Immediate memory cache hit for '(3) Instagram' / 'Chrome' / 'Chrome'
[2026-08-01 21:49:02] Immediate memory cache hit for 'Unknown title' / 'Spotify' / 'Spotify'
[2026-08-01 22:17:19] Immediate memory cache hit for 'Riot Client' / 'Riot Client' / 'Riot Client'
[2026-08-01 22:17:27] Immediate memory cache hit for 'Unknown title' / 'Spotify' / 'Spotify'
[2026-08-01 22:17:33] Immediate memory cache hit for '(3) Instagram' / 'Chrome' / 'Chrome'
[2026-08-01 22:17:47] Immediate memory cache hit for 'Unknown title' / 'Spotify' / 'Spotify'
[2026-08-01 22:18:03] Immediate memory cache hit for '(3) Instagram' / 'Chrome' / 'Chrome'
[2026-08-01 22:18:25] Immediate memory cache hit for '(4) Instagram' / 'Chrome' / 'Chrome'
[2026-08-01 22:18:27] Immediate memory cache hit for '(3) Instagram' / 'Chrome' / 'Chrome'
[2026-08-01 22:18:30] Immediate memory cache hit for '(4) Instagram' / 'Chrome' / 'Chrome'
[2026-08-01 22:18:36] Immediate memory cache hit for '(3) Instagram' / 'Chrome' / 'Chrome'
[2026-08-01 22:18:42] Immediate memory cache hit for 'Unknown title' / 'Spotify' / 'Spotify'
[2026-08-01 22:18:46] Immediate memory cache hit for '(3) Instagram' / 'Chrome' / 'Chrome'
[2026-08-01 22:18:57] Immediate memory cache hit for 'Unknown title' / 'Spotify' / 'Spotify'
[2026-08-01 22:20:11] Immediate memory cache hit for '(3) Instagram' / 'Chrome' / 'Chrome'
[2026-08-01 22:20:23] Immediate memory cache hit for 'Unknown title' / 'Spotify' / 'Spotify'
[2026-08-01 22:20:37] Immediate memory cache hit for '(3) Instagram' / 'Chrome' / 'Chrome'
[2026-08-01 22:20:38] Immediate memory cache hit for 'Unknown title' / 'Spotify' / 'Spotify'
[2026-08-01 22:21:11] Immediate memory cache hit for '(3) Instagram' / 'Chrome' / 'Chrome'
[2026-08-01 22:21:30] Immediate memory cache hit for 'Unknown title' / 'Spotify' / 'Spotify'
[2026-08-01 22:21:56] Immediate memory cache hit for '(3) Instagram' / 'Chrome' / 'Chrome'
[2026-08-01 22:25:19] Immediate memory cache hit for 'Unknown title' / 'Spotify' / 'Spotify'
[2026-08-01 22:28:16] Cache miss for 'Discord Memes' / 'Goofy Memes' / 'Chrome'
[2026-08-01 22:28:19] No ranked MusicBrainz release for 'Discord Memes' / 'Goofy Memes' / 'Chrome'
[2026-08-01 22:28:19] No Cover Art Archive image for 'Discord Memes' / 'Goofy Memes' / 'Chrome'
[2026-08-01 22:28:19] Saved disk cache: e173e55ef60e6cc2f44a915083a392e57b6cd2effedd4b00a507f7bf740a52db_210x210.rgb565
[2026-08-01 22:28:19] RGB565 artwork ready for 'Discord Memes' / 'Goofy Memes': 88200 bytes
[2026-08-01 22:30:08] Cache miss for 'Memes From The Discord Dumpster' / 'Spicy Chicken Sandwich' / 'Chrome'
[2026-08-01 22:30:14] No ranked MusicBrainz release for 'Memes From The Discord Dumpster' / 'Spicy Chicken Sandwich' / 'Chrome'
[2026-08-01 22:30:14] No Cover Art Archive image for 'Memes From The Discord Dumpster' / 'Spicy Chicken Sandwich' / 'Chrome'
[2026-08-01 22:30:14] Saved disk cache: 3bba8ad4daf34958acd96c3e09f723900671a4b7aafcd666915dc586247da9eb_210x210.rgb565
[2026-08-01 22:30:14] RGB565 artwork ready for 'Memes From The Discord Dumpster' / 'Spicy Chicken Sandwich': 88200 bytes
[2026-08-01 22:31:12] Cache miss for 'One Key, A Group Of Loyal Bodyguards #shorts #movie' / 'Adrenaline Rush Reviews' / 'Chrome'
[2026-08-01 22:31:16] No ranked MusicBrainz release for 'One Key, A Group Of Loyal Bodyguards #shorts #movie' / 'Adrenaline Rush Reviews' / 'Chrome'
[2026-08-01 22:31:16] No Cover Art Archive image for 'One Key, A Group Of Loyal Bodyguards #shorts #movie' / 'Adrenaline Rush Reviews' / 'Chrome'
[2026-08-01 22:31:16] Saved disk cache: e15599aaed7c3b5c26df5058cbb3562e1b0f8d80d67f8dfbda58f9a279e6b5c3_210x210.rgb565
[2026-08-01 22:31:16] RGB565 artwork ready for 'One Key, A Group Of Loyal Bodyguards #shorts #movie' / 'Adrenaline Rush Reviews': 88200 bytes
[2026-08-01 22:33:06] Cache miss for 'Dad’s secret parenting tricks 😎 #funny #foryou #dad #hack #baby' / 'Love Never Stops' / 'Chrome'
[2026-08-01 22:33:15] No ranked MusicBrainz release for 'Dad’s secret parenting tricks 😎 #funny #foryou #dad #hack #baby' / 'Love Never Stops' / 'Chrome'
[2026-08-01 22:33:15] No Cover Art Archive image for 'Dad’s secret parenting tricks 😎 #funny #foryou #dad #hack #baby' / 'Love Never Stops' / 'Chrome'
[2026-08-01 22:33:15] Saved disk cache: dc89fd3dd14009bdd01e29cd04c699cdb1dcef45c6d810955fb806e054ec5c6f_210x210.rgb565
[2026-08-01 22:33:15] RGB565 artwork ready for 'Dad’s secret parenting tricks 😎 #funny #foryou #dad #hack #baby' / 'Love Never Stops': 88200 bytes
[2026-08-01 22:33:33] Cache miss for 'Ranking The FUNNIEST Aries Spears Moments 😂 His Roasts Are Absolutely SAVAGE!' / 'DRACO RANKINGS' / 'Chrome'
[2026-08-01 22:33:35] No ranked MusicBrainz release for 'Ranking The FUNNIEST Aries Spears Moments 😂 His Roasts Are Absolutely SAVAGE!' / 'DRACO RANKINGS' / 'Chrome'
[2026-08-01 22:33:35] No Cover Art Archive image for 'Ranking The FUNNIEST Aries Spears Moments 😂 His Roasts Are Absolutely SAVAGE!' / 'DRACO RANKINGS' / 'Chrome'
[2026-08-01 22:33:35] Saved disk cache: 0b7d051eab08943402185caa0138f332b9494eb387f384e7b87fdfbf26dc051c_210x210.rgb565
[2026-08-01 22:33:35] RGB565 artwork ready for 'Ranking The FUNNIEST Aries Spears Moments 😂 His Roasts Are Absolutely SAVAGE!' / 'DRACO RANKINGS': 88200 bytes
[2026-08-01 22:33:35] Cache miss for 'Bad Friends Funniest Moments 😂 #viralvideo #podcast #funnyclips #viralshort #badfriends' / 'The secret stories' / 'Chrome'
[2026-08-01 22:33:39] No ranked MusicBrainz release for 'Bad Friends Funniest Moments 😂 #viralvideo #podcast #funnyclips #viralshort #badfriends' / 'The secret stories' / 'Chrome'
[2026-08-01 22:33:39] No Cover Art Archive image for 'Bad Friends Funniest Moments 😂 #viralvideo #podcast #funnyclips #viralshort #badfriends' / 'The secret stories' / 'Chrome'
[2026-08-01 22:33:39] Saved disk cache: 6e7a407f5b90c345cce613be04fa7fc67d17b709fa338be00e0fe2d52295756d_210x210.rgb565
[2026-08-01 22:33:39] RGB565 artwork ready for 'Bad Friends Funniest Moments 😂 #viralvideo #podcast #funnyclips #viralshort #badfriends' / 'The secret stories': 88200 bytes
[2026-08-01 22:33:39] Cache miss for 'It worked out by total accident  #skateboarding #reels #funnyshorts #funny' / 'Hiền Đoàn' / 'Chrome'
[2026-08-01 22:33:42] No ranked MusicBrainz release for 'It worked out by total accident  #skateboarding #reels #funnyshorts #funny' / 'Hiền Đoàn' / 'Chrome'
[2026-08-01 22:33:42] No Cover Art Archive image for 'It worked out by total accident  #skateboarding #reels #funnyshorts #funny' / 'Hiền Đoàn' / 'Chrome'
[2026-08-01 22:33:42] Saved disk cache: a3eb3dd9ea6027386064c6db4e02964d992f08af75d48a06de94f912d688f042_210x210.rgb565
[2026-08-01 22:33:42] RGB565 artwork ready for 'It worked out by total accident  #skateboarding #reels #funnyshorts #funny' / 'Hiền Đoàn': 88200 bytes
[2026-08-01 22:34:26] Immediate memory cache hit for 'How To Crochet - Easy Beginners Amigurumi Whale Tutorial | Low Sew' / 'Knit Grit' / 'Chrome'
[2026-08-01 22:34:27] Cache miss for 'Anyone Deadpool Focuses On Ends Up Doomed… It’s a Curse 😂😈#movie #shorts' / 'Harry6' / 'Chrome'
[2026-08-01 22:34:30] No ranked MusicBrainz release for 'Anyone Deadpool Focuses On Ends Up Doomed… It’s a Curse 😂😈#movie #shorts' / 'Harry6' / 'Chrome'
[2026-08-01 22:34:30] No Cover Art Archive image for 'Anyone Deadpool Focuses On Ends Up Doomed… It’s a Curse 😂😈#movie #shorts' / 'Harry6' / 'Chrome'
[2026-08-01 22:34:30] Saved disk cache: 8ec0feb82a6d26c526157ad626dce7ba3d153af317e9badc81256d04f27821f4_210x210.rgb565
[2026-08-01 22:34:30] RGB565 artwork ready for 'Anyone Deadpool Focuses On Ends Up Doomed… It’s a Curse 😂😈#movie #shorts' / 'Harry6': 88200 bytes
[2026-08-01 22:35:17] Cache miss for 'Discord Memes' / 'MemeOverdose' / 'Chrome'
[2026-08-01 22:35:27] No ranked MusicBrainz release for 'Discord Memes' / 'MemeOverdose' / 'Chrome'
[2026-08-01 22:35:27] No Cover Art Archive image for 'Discord Memes' / 'MemeOverdose' / 'Chrome'
[2026-08-01 22:35:27] Saved disk cache: 31dfde9eb12a133751823d3b4d440ea1cbce19da04d5def528702d7024ea2494_210x210.rgb565
[2026-08-01 22:35:27] RGB565 artwork ready for 'Discord Memes' / 'MemeOverdose': 88200 bytes
[2026-08-01 22:35:53] Cache miss for 'You are perfect #mfx #ebike' / 'LJ-MFX' / 'Chrome'
[2026-08-01 22:35:55] No ranked MusicBrainz release for 'You are perfect #mfx #ebike' / 'LJ-MFX' / 'Chrome'
[2026-08-01 22:35:55] No Cover Art Archive image for 'You are perfect #mfx #ebike' / 'LJ-MFX' / 'Chrome'
[2026-08-01 22:35:55] Saved disk cache: 2efb5689277e6ab5e10254ec3902a52d04c25a554736a7359199f1ed92aa8e5e_210x210.rgb565
[2026-08-01 22:35:55] RGB565 artwork ready for 'You are perfect #mfx #ebike' / 'LJ-MFX': 88200 bytes
[2026-08-01 22:35:56] Cache miss for 'when an extra is being too extra as a zombie #shorts' / 'Diodinho' / 'Chrome'
[2026-08-01 22:36:05] No ranked MusicBrainz release for 'when an extra is being too extra as a zombie #shorts' / 'Diodinho' / 'Chrome'
[2026-08-01 22:36:05] No Cover Art Archive image for 'when an extra is being too extra as a zombie #shorts' / 'Diodinho' / 'Chrome'
[2026-08-01 22:36:05] Saved disk cache: 3e467de81603cdfbb7261c90f3bd2549c3efddb1da5cc4958f10fd10f883ab82_210x210.rgb565
[2026-08-01 22:36:05] RGB565 artwork ready for 'when an extra is being too extra as a zombie #shorts' / 'Diodinho': 88200 bytes
[2026-08-01 22:37:25] Immediate memory cache hit for 'How To Crochet - Easy Beginners Amigurumi Whale Tutorial | Low Sew' / 'Knit Grit' / 'Chrome'
[2026-08-01 22:37:26] Cache miss for 'George hadn’t forgotten that he was a married man#shorts' / 'JKMVOIE' / 'Chrome'
[2026-08-01 22:37:30] No ranked MusicBrainz release for 'George hadn’t forgotten that he was a married man#shorts' / 'JKMVOIE' / 'Chrome'
[2026-08-01 22:37:30] No Cover Art Archive image for 'George hadn’t forgotten that he was a married man#shorts' / 'JKMVOIE' / 'Chrome'
[2026-08-01 22:37:30] Saved disk cache: 2f47d8e37c636d986f41c453971923e5be46c34aef7cfa0480013014b6d85643_210x210.rgb565
[2026-08-01 22:37:30] RGB565 artwork ready for 'George hadn’t forgotten that he was a married man#shorts' / 'JKMVOIE': 88200 bytes
[2026-08-01 22:37:31] Cache miss for '#hoyoverse' / 'Mr Time Edits' / 'Chrome'
[2026-08-01 22:37:35] No ranked MusicBrainz release for '#hoyoverse' / 'Mr Time Edits' / 'Chrome'
[2026-08-01 22:37:35] No Cover Art Archive image for '#hoyoverse' / 'Mr Time Edits' / 'Chrome'
[2026-08-01 22:37:35] Saved disk cache: 8c3e07bf77bf560fe13071903df7a7df12f3c4d4cb8d943a3697d8e4358750a9_210x210.rgb565
[2026-08-01 22:37:35] RGB565 artwork ready for '#hoyoverse' / 'Mr Time Edits': 88200 bytes
[2026-08-01 22:37:35] Immediate memory cache hit for 'Discord Memes' / 'Goofy Memes' / 'Chrome'
[2026-08-01 22:37:39] Cache miss for 'He Missed His Way Home Because of One Drink.' / 'Vintage Pulse' / 'Chrome'
[2026-08-01 22:37:44] No ranked MusicBrainz release for 'He Missed His Way Home Because of One Drink.' / 'Vintage Pulse' / 'Chrome'
[2026-08-01 22:37:44] No Cover Art Archive image for 'He Missed His Way Home Because of One Drink.' / 'Vintage Pulse' / 'Chrome'
[2026-08-01 22:37:44] Saved disk cache: ec6947f4a9559a891b3f7aced6e3fa05e1deb6f65547f92508bee4284b0884d9_210x210.rgb565
[2026-08-01 22:37:44] RGB565 artwork ready for 'He Missed His Way Home Because of One Drink.' / 'Vintage Pulse': 88200 bytes
[2026-08-01 22:37:44] Immediate memory cache hit for 'How To Crochet - Easy Beginners Amigurumi Whale Tutorial | Low Sew' / 'Knit Grit' / 'Chrome'
[2026-08-01 22:37:55] Immediate memory cache hit for 'sped up songs that vibe' / 'Titaiton' / 'Chrome'
[2026-08-01 22:37:58] Immediate memory cache hit for 'How To Crochet - Easy Beginners Amigurumi Whale Tutorial | Low Sew' / 'Knit Grit' / 'Chrome'
[2026-08-01 22:39:30] Cache miss for 'Building a Fun, Cheap Old Car in 5 Days' / 'Speeed' / 'Chrome'
[2026-08-01 22:39:33] No ranked MusicBrainz release for 'Building a Fun, Cheap Old Car in 5 Days' / 'Speeed' / 'Chrome'
[2026-08-01 22:39:33] No Cover Art Archive image for 'Building a Fun, Cheap Old Car in 5 Days' / 'Speeed' / 'Chrome'
[2026-08-01 22:39:33] Saved disk cache: 7fd77f9806370b95e9bf3bbaa37d62b74eed1dd60a8223e3bf9c7aa002f40b74_210x210.rgb565
[2026-08-01 22:39:33] RGB565 artwork ready for 'Building a Fun, Cheap Old Car in 5 Days' / 'Speeed': 88200 bytes
[2026-08-01 22:42:15] Immediate memory cache hit for 'How To Crochet - Easy Beginners Amigurumi Whale Tutorial | Low Sew' / 'Knit Grit' / 'Chrome'
[2026-08-01 22:42:16] Immediate memory cache hit for 'Building a Fun, Cheap Old Car in 5 Days' / 'Speeed' / 'Chrome'
[2026-08-01 22:44:47] Immediate memory cache hit for 'How To Crochet - Easy Beginners Amigurumi Whale Tutorial | Low Sew' / 'Knit Grit' / 'Chrome'
[2026-08-01 22:44:48] Immediate memory cache hit for 'Building a Fun, Cheap Old Car in 5 Days' / 'Speeed' / 'Chrome'
[2026-08-01 22:47:31] Immediate memory cache hit for 'How To Crochet - Easy Beginners Amigurumi Whale Tutorial | Low Sew' / 'Knit Grit' / 'Chrome'
[2026-08-01 22:47:32] Immediate memory cache hit for 'Building a Fun, Cheap Old Car in 5 Days' / 'Speeed' / 'Chrome'
[2026-08-01 22:47:37] Immediate memory cache hit for 'How To Crochet - Easy Beginners Amigurumi Whale Tutorial | Low Sew' / 'Knit Grit' / 'Chrome'
[2026-08-01 22:47:38] Cache miss for 'Making The Best Tool A ROUND' / 'Inheritance Machining' / 'Chrome'
[2026-08-01 22:47:45] No ranked MusicBrainz release for 'Making The Best Tool A ROUND' / 'Inheritance Machining' / 'Chrome'
[2026-08-01 22:47:45] No Cover Art Archive image for 'Making The Best Tool A ROUND' / 'Inheritance Machining' / 'Chrome'
[2026-08-01 22:47:45] Saved disk cache: a8c45b4580f42ed384ec433ab8c24c1e87c9360de14dcdc4c62fb1ec39c03d8a_210x210.rgb565
[2026-08-01 22:47:45] RGB565 artwork ready for 'Making The Best Tool A ROUND' / 'Inheritance Machining': 88200 bytes
[2026-08-01 22:55:27] Cache miss for 'Dihhpilation #73' / 'SmallDihh' / 'Chrome'
[2026-08-01 22:55:29] No ranked MusicBrainz release for 'Dihhpilation #73' / 'SmallDihh' / 'Chrome'
[2026-08-01 22:55:29] No Cover Art Archive image for 'Dihhpilation #73' / 'SmallDihh' / 'Chrome'
[2026-08-01 22:55:29] Saved disk cache: 030be2e92c35db2c1a630c02b445a23e42d7fd95132a9c44cd2b849b7fbdde6e_210x210.rgb565
[2026-08-01 22:55:29] RGB565 artwork ready for 'Dihhpilation #73' / 'SmallDihh': 88200 bytes
[2026-08-01 22:55:31] Immediate memory cache hit for 'Making The Best Tool A ROUND' / 'Inheritance Machining' / 'Chrome'
[2026-08-01 23:07:22] Immediate memory cache hit for 'Dihhpilation #73' / 'SmallDihh' / 'Chrome'
[2026-08-01 23:10:59] Cache miss for 'I bought the most expensive grill brush in the USA' / 'Grill Top Experience' / 'Chrome'
[2026-08-01 23:11:03] No ranked MusicBrainz release for 'I bought the most expensive grill brush in the USA' / 'Grill Top Experience' / 'Chrome'
[2026-08-01 23:11:03] No Cover Art Archive image for 'I bought the most expensive grill brush in the USA' / 'Grill Top Experience' / 'Chrome'
[2026-08-01 23:11:03] Saved disk cache: 0ef24a7f314622ba4014932819286ada4a4700bad3a2755d9a7ea1adc40aa201_210x210.rgb565
[2026-08-01 23:11:03] RGB565 artwork ready for 'I bought the most expensive grill brush in the USA' / 'Grill Top Experience': 88200 bytes
[2026-08-01 23:16:22] Immediate memory cache hit for 'How To Crochet - Easy Beginners Amigurumi Whale Tutorial | Low Sew' / 'Knit Grit' / 'Chrome'
[2026-08-01 23:17:03] Cache miss for 'Low Darts Proves Why This 70s Classic Still Hits at the Marina' / 'Low Darts' / 'Chrome'
[2026-08-01 23:17:06] No ranked MusicBrainz release for 'Low Darts Proves Why This 70s Classic Still Hits at the Marina' / 'Low Darts' / 'Chrome'
[2026-08-01 23:17:06] No Cover Art Archive image for 'Low Darts Proves Why This 70s Classic Still Hits at the Marina' / 'Low Darts' / 'Chrome'
[2026-08-01 23:17:06] Saved disk cache: 7569ed21198ada2b292425b6643ef3b15780fa5682879d10470e22e1521ab15c_210x210.rgb565
[2026-08-01 23:17:06] RGB565 artwork ready for 'Low Darts Proves Why This 70s Classic Still Hits at the Marina' / 'Low Darts': 88200 bytes
[2026-08-01 23:18:58] Immediate memory cache hit for 'Discord Memes' / 'Goofy Memes' / 'Chrome'
[2026-08-01 23:19:55] Immediate memory cache hit for 'Unknown title' / 'Spotify' / 'Spotify'
[2026-08-01 23:19:56] Immediate memory cache hit for 'Memes From The Discord Dumpster' / 'Spicy Chicken Sandwich' / 'Chrome'
[2026-08-01 23:20:46] Immediate memory cache hit for 'Low Darts Proves Why This 70s Classic Still Hits at the Marina' / 'Low Darts' / 'Chrome'
[2026-08-01 23:26:19] Cache miss for 'if old music had modern lyrics' / 'rob' / 'Chrome'
[2026-08-01 23:26:21] Cache miss for 'if old music had modern lyrics' / 'rob' / 'Chrome'
[2026-08-01 23:26:23] Cache miss for 'if old music had modern lyrics' / 'rob' / 'Chrome'
[2026-08-01 23:26:24] Immediate memory cache hit for 'How To Crochet - Easy Beginners Amigurumi Whale Tutorial | Low Sew' / 'Knit Grit' / 'Chrome'
[2026-08-01 23:26:25] Cache miss for 'Mark Ronson ft. Amy Winehouse - Valerie (Official Video)' / 'MarkRonsonVEVO' / 'Chrome'
[2026-08-01 23:26:27] Cache miss for 'Mark Ronson ft. Amy Winehouse - Valerie (Official Video)' / 'MarkRonsonVEVO' / 'Chrome'
[2026-08-01 23:26:29] Cache miss for 'Mark Ronson ft. Amy Winehouse - Valerie (Official Video)' / 'MarkRonsonVEVO' / 'Chrome'
[2026-08-01 23:26:31] Cache miss for 'Mark Ronson ft. Amy Winehouse - Valerie (Official Video)' / 'MarkRonsonVEVO' / 'Chrome'
[2026-08-01 23:26:33] Cache miss for 'Mark Ronson ft. Amy Winehouse - Valerie (Official Video)' / 'MarkRonsonVEVO' / 'Chrome'
[2026-08-01 23:26:35] Cache miss for 'Mark Ronson ft. Amy Winehouse - Valerie (Official Video)' / 'MarkRonsonVEVO' / 'Chrome'
[2026-08-01 23:26:37] No ranked MusicBrainz release for 'Mark Ronson ft. Amy Winehouse - Valerie (Official Video)' / 'MarkRonsonVEVO' / 'Chrome'
[2026-08-01 23:26:37] No Cover Art Archive image for 'Mark Ronson ft. Amy Winehouse - Valerie (Official Video)' / 'MarkRonsonVEVO' / 'Chrome'
[2026-08-01 23:26:37] Saved disk cache: c3a834c3ba96665429778d718277aa1ae3a016365001e74794712ce80d3a208d_210x210.rgb565
[2026-08-01 23:26:37] RGB565 artwork ready for 'Mark Ronson ft. Amy Winehouse - Valerie (Official Video)' / 'MarkRonsonVEVO': 88200 bytes
[2026-08-01 23:27:25] Immediate memory cache hit for 'Instagram' / 'Chrome' / 'Chrome'
[2026-08-01 23:27:47] Immediate memory cache hit for 'Unknown title' / 'Spotify' / 'Spotify'
[2026-08-01 23:28:43] Immediate memory cache hit for 'Instagram' / 'Chrome' / 'Chrome'
[2026-08-01 23:29:35] Immediate memory cache hit for 'Unknown title' / 'Spotify' / 'Spotify'
[2026-08-01 23:31:39] Immediate memory cache hit for 'Instagram' / 'Chrome' / 'Chrome'
[2026-08-01 23:32:11] Immediate memory cache hit for 'Unknown title' / 'Spotify' / 'Spotify'
[2026-08-01 23:32:25] Immediate memory cache hit for 'Instagram' / 'Chrome' / 'Chrome'
[2026-08-01 23:32:45] Immediate memory cache hit for 'Unknown title' / 'Spotify' / 'Spotify'
[2026-08-01 23:36:41] Immediate memory cache hit for 'Instagram' / 'Chrome' / 'Chrome'
[2026-08-01 23:37:21] Immediate memory cache hit for 'Unknown title' / 'Spotify' / 'Spotify'
[2026-08-01 23:37:48] Immediate memory cache hit for 'Instagram' / 'Chrome' / 'Chrome'
[2026-08-01 23:38:12] Immediate memory cache hit for 'Unknown title' / 'Spotify' / 'Spotify'
[2026-08-01 23:39:03] Immediate memory cache hit for 'Instagram' / 'Chrome' / 'Chrome'
[2026-08-01 23:39:04] Immediate memory cache hit for 'Unknown title' / 'Spotify' / 'Spotify'
[2026-08-01 23:39:30] Immediate memory cache hit for 'Instagram' / 'Chrome' / 'Chrome'
[2026-08-01 23:39:40] Immediate memory cache hit for 'Unknown title' / 'Spotify' / 'Spotify'
[2026-08-01 23:42:50] Immediate memory cache hit for 'Instagram' / 'Chrome' / 'Chrome'
[2026-08-01 23:43:40] Immediate memory cache hit for 'Unknown title' / 'Spotify' / 'Spotify'
[2026-08-01 23:44:46] Immediate memory cache hit for 'Instagram' / 'Chrome' / 'Chrome'
[2026-08-01 23:44:49] Immediate memory cache hit for 'Unknown title' / 'Spotify' / 'Spotify'
[2026-08-01 23:45:10] Immediate memory cache hit for 'Instagram' / 'Chrome' / 'Chrome'
[2026-08-01 23:45:18] Immediate memory cache hit for 'Mark Ronson ft. Amy Winehouse - Valerie (Official Video)' / 'MarkRonsonVEVO' / 'Chrome'
[2026-08-02 00:03:04] Immediate memory cache hit for 'How To Crochet - Easy Beginners Amigurumi Whale Tutorial | Low Sew' / 'Knit Grit' / 'Chrome'
[2026-08-02 00:04:24] Immediate memory cache hit for 'Discord Memes' / 'Goofy Memes' / 'Chrome'
[2026-08-02 00:05:03] Cache miss for 'The Avengers’ complicated history with the hammer😜#avengers #thor #mjolnir #funny #superhero #mcu' / 'Banana Movies' / 'Chrome'
[2026-08-02 00:05:06] No ranked MusicBrainz release for 'The Avengers’ complicated history with the hammer😜#avengers #thor #mjolnir #funny #superhero #mcu' / 'Banana Movies' / 'Chrome'
[2026-08-02 00:05:06] No Cover Art Archive image for 'The Avengers’ complicated history with the hammer😜#avengers #thor #mjolnir #funny #superhero #mcu' / 'Banana Movies' / 'Chrome'
[2026-08-02 00:05:06] Saved disk cache: e354fde5c5cc41f3c91a7d8eb3e16f58088d96e99a5f0e28b92194fe07256f3a_210x210.rgb565
[2026-08-02 00:05:06] RGB565 artwork ready for 'The Avengers’ complicated history with the hammer😜#avengers #thor #mjolnir #funny #superhero #mcu' / 'Banana Movies': 88200 bytes
[2026-08-02 00:06:39] Cache miss for 'I love it when Joe yells #funny #familyguy #fyp #top5' / 'yoboy_freddy  Gaming & Funny Content' / 'Chrome'
[2026-08-02 00:06:41] No ranked MusicBrainz release for 'I love it when Joe yells #funny #familyguy #fyp #top5' / 'yoboy_freddy  Gaming & Funny Content' / 'Chrome'
[2026-08-02 00:06:41] No Cover Art Archive image for 'I love it when Joe yells #funny #familyguy #fyp #top5' / 'yoboy_freddy  Gaming & Funny Content' / 'Chrome'
[2026-08-02 00:06:41] Saved disk cache: 974bb01449dc6623ffde4927a4359a75718993ed22aa347e3db9be047d429e2a_210x210.rgb565
[2026-08-02 00:06:41] RGB565 artwork ready for 'I love it when Joe yells #funny #familyguy #fyp #top5' / 'yoboy_freddy  Gaming & Funny Content': 88200 bytes
[2026-08-02 00:06:43] Immediate memory cache hit for 'How To Crochet - Easy Beginners Amigurumi Whale Tutorial | Low Sew' / 'Knit Grit' / 'Chrome'
[2026-08-02 00:06:44] Cache miss for '2b2t Spawn is Vanishing... #shorts #2b2t #minecraft' / 'fastvincent1' / 'Chrome'
[2026-08-02 00:06:47] No ranked MusicBrainz release for '2b2t Spawn is Vanishing... #shorts #2b2t #minecraft' / 'fastvincent1' / 'Chrome'
[2026-08-02 00:06:47] No Cover Art Archive image for '2b2t Spawn is Vanishing... #shorts #2b2t #minecraft' / 'fastvincent1' / 'Chrome'
[2026-08-02 00:06:47] Saved disk cache: c82e8f4b07fcde4f93e88ff6147c1584f0177db0244b531f26db3015c36db239_210x210.rgb565
[2026-08-02 00:06:47] RGB565 artwork ready for '2b2t Spawn is Vanishing... #shorts #2b2t #minecraft' / 'fastvincent1': 88200 bytes
[2026-08-02 00:08:17] Cache miss for 'fully optional btw' / 'ReLike Vibes' / 'Chrome'
[2026-08-02 00:08:19] No ranked MusicBrainz release for 'fully optional btw' / 'ReLike Vibes' / 'Chrome'
[2026-08-02 00:08:19] No Cover Art Archive image for 'fully optional btw' / 'ReLike Vibes' / 'Chrome'
[2026-08-02 00:08:19] Saved disk cache: e4e961fd2172de422dacc08f88459b74cdcb730c9d97d5b123eafec30e73722c_210x210.rgb565
[2026-08-02 00:08:19] RGB565 artwork ready for 'fully optional btw' / 'ReLike Vibes': 88200 bytes
[2026-08-02 00:08:22] Cache miss for 'Imagine If Every Word You Said Came True 😲💭#shorts #movierecap' / 'Sona Darus' / 'Chrome'
[2026-08-02 00:08:24] No ranked MusicBrainz release for 'Imagine If Every Word You Said Came True 😲💭#shorts #movierecap' / 'Sona Darus' / 'Chrome'
[2026-08-02 00:08:24] No Cover Art Archive image for 'Imagine If Every Word You Said Came True 😲💭#shorts #movierecap' / 'Sona Darus' / 'Chrome'
[2026-08-02 00:08:24] Saved disk cache: 2c9935ecf551d0052ca670f6d159a44a4888a28db919eb4e4677a5be452e2b6c_210x210.rgb565
[2026-08-02 00:08:24] RGB565 artwork ready for 'Imagine If Every Word You Said Came True 😲💭#shorts #movierecap' / 'Sona Darus': 88200 bytes
[2026-08-02 00:09:25] Immediate memory cache hit for 'Memes From The Discord Dumpster' / 'Spicy Chicken Sandwich' / 'Chrome'
[2026-08-02 00:09:30] Immediate memory cache hit for 'Imagine If Every Word You Said Came True 😲💭#shorts #movierecap' / 'Sona Darus' / 'Chrome'
[2026-08-02 00:09:34] Cache miss for 'The Matrix is real #dieselmotion #dieselmechanic #dieseltechnician' / 'Purlin' / 'Chrome'
[2026-08-02 00:09:42] No ranked MusicBrainz release for 'The Matrix is real #dieselmotion #dieselmechanic #dieseltechnician' / 'Purlin' / 'Chrome'
[2026-08-02 00:09:42] No Cover Art Archive image for 'The Matrix is real #dieselmotion #dieselmechanic #dieseltechnician' / 'Purlin' / 'Chrome'
[2026-08-02 00:09:42] Saved disk cache: a823e80dc1ec05e4fadf375f79f654729f1432c66662ff9158687cd6f6c90744_210x210.rgb565
[2026-08-02 00:09:42] RGB565 artwork ready for 'The Matrix is real #dieselmotion #dieselmechanic #dieseltechnician' / 'Purlin': 88200 bytes
[2026-08-02 00:10:14] Cache miss for 'POV: you go look at a car after work #meta #metaglasses #automobile #mechanic #collector' / 'Monster mess garage' / 'Chrome'
[2026-08-02 00:10:17] Cache miss for 'POV: you go look at a car after work #meta #metaglasses #automobile #mechanic #collector' / 'Monster mess garage' / 'Chrome'
[2026-08-02 00:10:19] No ranked MusicBrainz release for 'POV: you go look at a car after work #meta #metaglasses #automobile #mechanic #collector' / 'Monster mess garage' / 'Chrome'
[2026-08-02 00:10:19] No Cover Art Archive image for 'POV: you go look at a car after work #meta #metaglasses #automobile #mechanic #collector' / 'Monster mess garage' / 'Chrome'
[2026-08-02 00:10:19] Saved disk cache: 69daf2357c633ee152d35e572a7eef686f9d389a4bdb3e6d1d1e369d700bb0d2_210x210.rgb565
[2026-08-02 00:10:19] RGB565 artwork ready for 'POV: you go look at a car after work #meta #metaglasses #automobile #mechanic #collector' / 'Monster mess garage': 88200 bytes
[2026-08-02 00:10:24] Immediate memory cache hit for 'How To Crochet - Easy Beginners Amigurumi Whale Tutorial | Low Sew' / 'Knit Grit' / 'Chrome'
[2026-08-02 00:10:25] Cache miss for 'Third engine overhaul on a Golf with 3 million kilometers on the odometer' / 'maxthemechanic' / 'Chrome'
[2026-08-02 00:10:28] No ranked MusicBrainz release for 'Third engine overhaul on a Golf with 3 million kilometers on the odometer' / 'maxthemechanic' / 'Chrome'
[2026-08-02 00:10:28] No Cover Art Archive image for 'Third engine overhaul on a Golf with 3 million kilometers on the odometer' / 'maxthemechanic' / 'Chrome'
[2026-08-02 00:10:28] Saved disk cache: 4b2538092a0ecd50a9e34d3ba8db4cd76f3cbb74df2d0a927928b763cf1cba9d_210x210.rgb565
[2026-08-02 00:10:28] RGB565 artwork ready for 'Third engine overhaul on a Golf with 3 million kilometers on the odometer' / 'maxthemechanic': 88200 bytes
[2026-08-02 00:10:28] Cache miss for "237 years later and we still can't get it out of our heads #music #psychology #viral" / 'Sean Dietrich' / 'Chrome'
[2026-08-02 00:10:32] No ranked MusicBrainz release for "237 years later and we still can't get it out of our heads #music #psychology #viral" / 'Sean Dietrich' / 'Chrome'
[2026-08-02 00:10:32] No Cover Art Archive image for "237 years later and we still can't get it out of our heads #music #psychology #viral" / 'Sean Dietrich' / 'Chrome'
[2026-08-02 00:10:32] Saved disk cache: c73c72a6e51c6dc7e5e397f34be54854c95eca0b67b16e1c722c0ca06c34dfa0_210x210.rgb565
[2026-08-02 00:10:32] RGB565 artwork ready for "237 years later and we still can't get it out of our heads #music #psychology #viral" / 'Sean Dietrich': 88200 bytes
[2026-08-02 00:11:16] Immediate memory cache hit for 'Stories • Instagram' / 'Chrome' / 'Chrome'
[2026-08-02 00:11:45] Immediate memory cache hit for 'Unknown title' / 'Spotify' / 'Spotify'
[2026-08-02 00:13:05] Immediate memory cache hit for 'Stories • Instagram' / 'Chrome' / 'Chrome'
[2026-08-02 00:13:31] Immediate memory cache hit for 'Unknown title' / 'Spotify' / 'Spotify'
[2026-08-02 00:14:03] Immediate memory cache hit for 'Stories • Instagram' / 'Chrome' / 'Chrome'
[2026-08-02 00:14:21] Immediate memory cache hit for 'Unknown title' / 'Spotify' / 'Spotify'
[2026-08-02 00:14:30] Immediate memory cache hit for 'Stories • Instagram' / 'Chrome' / 'Chrome'
[2026-08-02 00:14:59] Immediate memory cache hit for 'Unknown title' / 'Spotify' / 'Spotify'
[2026-08-02 00:15:26] Immediate memory cache hit for 'Stories • Instagram' / 'Chrome' / 'Chrome'
[2026-08-02 00:15:31] Immediate memory cache hit for 'Unknown title' / 'Spotify' / 'Spotify'
[2026-08-02 00:17:10] Immediate memory cache hit for 'Stories • Instagram' / 'Chrome' / 'Chrome'
[2026-08-02 00:17:11] Immediate memory cache hit for 'Unknown title' / 'Spotify' / 'Spotify'
[2026-08-02 00:18:29] Immediate memory cache hit for 'Stories • Instagram' / 'Chrome' / 'Chrome'
[2026-08-02 00:18:30] Immediate memory cache hit for 'Unknown title' / 'Spotify' / 'Spotify'
[2026-08-02 00:19:03] Immediate memory cache hit for 'Stories • Instagram' / 'Chrome' / 'Chrome'
[2026-08-02 00:19:16] Immediate memory cache hit for 'Unknown title' / 'Spotify' / 'Spotify'
[2026-08-02 00:20:06] Immediate memory cache hit for 'Stories • Instagram' / 'Chrome' / 'Chrome'
[2026-08-02 00:20:07] Immediate memory cache hit for 'Unknown title' / 'Spotify' / 'Spotify'
[2026-08-02 00:20:50] Immediate memory cache hit for 'Stories • Instagram' / 'Chrome' / 'Chrome'
[2026-08-02 00:21:02] Immediate memory cache hit for 'Unknown title' / 'Spotify' / 'Spotify'
[2026-08-02 00:21:27] Immediate memory cache hit for 'Stories • Instagram' / 'Chrome' / 'Chrome'
[2026-08-02 00:21:40] Immediate memory cache hit for 'Unknown title' / 'Spotify' / 'Spotify'
[2026-08-02 00:23:00] Immediate memory cache hit for 'Stories • Instagram' / 'Chrome' / 'Chrome'
[2026-08-02 00:23:21] Immediate memory cache hit for 'Unknown title' / 'Spotify' / 'Spotify'
[2026-08-02 00:24:29] Immediate memory cache hit for 'Stories • Instagram' / 'Chrome' / 'Chrome'
[2026-08-02 00:24:58] Immediate memory cache hit for 'Unknown title' / 'Spotify' / 'Spotify'
[2026-08-02 00:26:13] Immediate memory cache hit for 'Stories • Instagram' / 'Chrome' / 'Chrome'
[2026-08-02 00:26:14] Immediate memory cache hit for 'Unknown title' / 'Spotify' / 'Spotify'
[2026-08-02 00:26:27] Immediate memory cache hit for 'Stories • Instagram' / 'Chrome' / 'Chrome'
[2026-08-02 00:26:28] Immediate memory cache hit for 'Unknown title' / 'Spotify' / 'Spotify'
[2026-08-02 00:26:56] Immediate memory cache hit for 'Stories • Instagram' / 'Chrome' / 'Chrome'
[2026-08-02 00:27:22] Immediate memory cache hit for 'Unknown title' / 'Spotify' / 'Spotify'
[2026-08-02 00:28:31] Immediate memory cache hit for 'Stories • Instagram' / 'Chrome' / 'Chrome'
[2026-08-02 00:28:36] Immediate memory cache hit for 'Unknown title' / 'Spotify' / 'Spotify'
[2026-08-02 00:28:37] Immediate memory cache hit for "237 years later and we still can't get it out of our heads #music #psychology #viral" / 'Sean Dietrich' / 'Chrome'
[2026-08-02 00:30:11] Immediate memory cache hit for 'Unknown title' / 'Spotify' / 'Spotify'
[2026-08-02 00:30:12] Cache miss for 'Ranking Weirdest Instruments.' / 'MrStan' / 'Chrome'
[2026-08-02 00:30:19] No ranked MusicBrainz release for 'Ranking Weirdest Instruments.' / 'MrStan' / 'Chrome'
[2026-08-02 00:30:19] No Cover Art Archive image for 'Ranking Weirdest Instruments.' / 'MrStan' / 'Chrome'
[2026-08-02 00:30:19] Saved disk cache: 470135908d9eec8f94826d701cfe51593aab929278d7d78c1c9fa0a9fba9abae_210x210.rgb565
[2026-08-02 00:30:19] RGB565 artwork ready for 'Ranking Weirdest Instruments.' / 'MrStan': 88200 bytes
[2026-08-02 00:31:06] Cache miss for 'Only by tasting love yourself can you recognize the true form of sincerity.#Shorts' / 'Laghari Anime' / 'Chrome'
[2026-08-02 00:31:09] No ranked MusicBrainz release for 'Only by tasting love yourself can you recognize the true form of sincerity.#Shorts' / 'Laghari Anime' / 'Chrome'
[2026-08-02 00:31:09] No Cover Art Archive image for 'Only by tasting love yourself can you recognize the true form of sincerity.#Shorts' / 'Laghari Anime' / 'Chrome'
[2026-08-02 00:31:09] Saved disk cache: 2a6a8375d96a6126539c4cdacf3749bd85c3b3fbe1f1140538da5ed929e6e127_210x210.rgb565
[2026-08-02 00:31:09] RGB565 artwork ready for 'Only by tasting love yourself can you recognize the true form of sincerity.#Shorts' / 'Laghari Anime': 88200 bytes
[2026-08-02 00:33:13] Cache miss for 'We should follow his example!' / 'JoyShare' / 'Chrome'
[2026-08-02 00:33:16] No ranked MusicBrainz release for 'We should follow his example!' / 'JoyShare' / 'Chrome'
[2026-08-02 00:33:16] No Cover Art Archive image for 'We should follow his example!' / 'JoyShare' / 'Chrome'
[2026-08-02 00:33:16] Saved disk cache: 56b8ef268bd557f8b54341b83bbfbf84710c0b884b96fd4e7a9a680bf7f8e33c_210x210.rgb565
[2026-08-02 00:33:16] RGB565 artwork ready for 'We should follow his example!' / 'JoyShare': 88200 bytes
[2026-08-02 00:33:17] Immediate memory cache hit for 'He Cooked Up More Than Food' / 'Daily Dose Of Internet' / 'Chrome'
[2026-08-02 00:46:15] Immediate memory cache hit for 'How To Crochet - Easy Beginners Amigurumi Whale Tutorial | Low Sew' / 'Knit Grit' / 'Chrome'
[2026-08-02 00:47:38] Media session manually selected: Spotify
[2026-08-02 00:47:38] Immediate memory cache hit for 'Unknown title' / 'Spotify' / 'Spotify'
[2026-08-02 00:47:38] Media session manually selected: Chrome — How To Crochet - Easy Beginners Amigurumi Whale Tutorial | Low Sew
[2026-08-02 00:47:38] Immediate memory cache hit for 'How To Crochet - Easy Beginners Amigurumi Whale Tutorial | Low Sew' / 'Knit Grit' / 'Chrome'
[2026-08-02 00:47:39] Media source selection changed to Auto
[2026-08-02 00:47:41] Media session manually selected: Spotify
[2026-08-02 00:47:41] Immediate memory cache hit for 'Unknown title' / 'Spotify' / 'Spotify'
[2026-08-02 00:56:13] The manually selected media session is no longer available; returning to Auto
[2026-08-02 00:56:13] Cache miss for 'I Got Your Back' / 'ILLIT' / 'I Got Your Back'
[2026-08-02 00:56:21] No ranked MusicBrainz release for 'I Got Your Back' / 'ILLIT' / 'I Got Your Back'
[2026-08-02 00:56:21] No Cover Art Archive image for 'I Got Your Back' / 'ILLIT' / 'I Got Your Back'
[2026-08-02 00:56:21] Saved disk cache: df2b00390edcae4d4ff9b63f9a8dfc85f91c753f233bde0384788db5b7fae02b_210x210.rgb565
[2026-08-02 00:56:21] RGB565 artwork ready for 'I Got Your Back' / 'ILLIT': 88200 bytes
[2026-08-02 00:58:38] Immediate memory cache hit for 'Sunday Morning' / 'ILLIT' / 'I Got Your Back'
[2026-08-02 01:01:30] Cache miss for 'ICONIC BY MISTAKE' / 'LE SSERAFIM' / 'ICONIC BY MISTAKE'
[2026-08-02 01:01:31] Best MusicBrainz release: 'ICONIC BY MISTAKE', album similarity=1.00, score=139.4
[2026-08-02 01:01:33] Cover selected from release 'ICONIC BY MISTAKE' (1a35ede7-8f8f-412a-9206-73a5984b13ba)
[2026-08-02 01:01:33] Saved disk cache: cb185cacbc3fe32b780c28ce7efec0abcf886c6fabb483b91018c7e0ea37f991_210x210.rgb565
[2026-08-02 01:01:33] RGB565 artwork ready for 'ICONIC BY MISTAKE' / 'LE SSERAFIM': 88200 bytes
[2026-08-02 01:04:50] Cache miss for 'GRWM (Get Ready With Me)' / 'ILLIT' / 'MAMIHLAPINATAPAI'
[2026-08-02 01:04:51] Best MusicBrainz release: 'Mamihlapinatapai', album similarity=1.00, score=153.0
[2026-08-02 01:04:54] Cover selected from release 'MAMIHLAPINATAPAI' (2b093895-239a-44ed-8aae-a5eb37992f60)
[2026-08-02 01:04:54] Saved disk cache: e848ad87d1ac481d6c6d9e4230b5266462f41d2e0be396ac42f649689fd5f558_210x210.rgb565
[2026-08-02 01:04:54] RGB565 artwork ready for 'GRWM (Get Ready With Me)' / 'ILLIT': 88200 bytes
[2026-08-02 01:07:39] Immediate memory cache hit for "It's Me" / 'ILLIT' / 'MAMIHLAPINATAPAI'
[2026-08-02 01:09:58] Cache miss for "Find exactly what you're booking for" / 'Booking.com' / "Find exactly what you're booking for"
[2026-08-02 01:10:00] No ranked MusicBrainz release for "Find exactly what you're booking for" / 'Booking.com' / "Find exactly what you're booking for"
[2026-08-02 01:10:00] No Cover Art Archive image for "Find exactly what you're booking for" / 'Booking.com' / "Find exactly what you're booking for"
[2026-08-02 01:10:00] Saved disk cache: 2af15296eeb29f8f7dd9526db359e394fa668f395ca2bb08c0a94762f3ff6ef7_210x210.rgb565
[2026-08-02 01:10:00] RGB565 artwork ready for "Find exactly what you're booking for" / 'Booking.com': 88200 bytes
[2026-08-02 01:10:00] Cache miss for 'San Diego Padres' / 'San Diego Padres' / 'San Diego Padres'
[2026-08-02 01:10:04] No ranked MusicBrainz release for 'San Diego Padres' / 'San Diego Padres' / 'San Diego Padres'
[2026-08-02 01:10:04] No Cover Art Archive image for 'San Diego Padres' / 'San Diego Padres' / 'San Diego Padres'
[2026-08-02 01:10:04] Saved disk cache: 29a4b10023a8c88603d4bb5e4e8cc300ceaae49d0a4efda153a4d5323e9a5539_210x210.rgb565
[2026-08-02 01:10:04] RGB565 artwork ready for 'San Diego Padres' / 'San Diego Padres': 88200 bytes
[2026-08-02 01:10:04] Immediate memory cache hit for 'paw, paw!' / 'ILLIT' / 'MAMIHLAPINATAPAI'
[2026-08-02 01:12:33] Immediate memory cache hit for 'Mamihlapinatapai' / 'ILLIT' / 'MAMIHLAPINATAPAI'
[2026-08-02 01:15:34] Immediate memory cache hit for 'Love, older you' / 'ILLIT' / 'MAMIHLAPINATAPAI'
[2026-08-02 01:18:13] Cache miss for 'Bubee (Korean Ver.)' / 'ILLIT' / 'Bubee (Korean Ver.)'
[2026-08-02 01:18:14] Best MusicBrainz release: 'Bubee (Korean Ver.)', album similarity=1.00, score=153.0
[2026-08-02 01:18:16] Cover selected from release 'Bubee (Korean Ver.)' (cdd07f93-6044-48bd-9581-f1449be3775e)
[2026-08-02 01:18:16] Saved disk cache: 01f67388d48d98b9000a01860fae2bf480401785e6b63c894757e3930b0ca8c1_210x210.rgb565
[2026-08-02 01:18:16] RGB565 artwork ready for 'Bubee (Korean Ver.)' / 'ILLIT': 88200 bytes
[2026-08-02 01:21:16] Cache miss for 'Bubee' / 'ILLIT' / 'Bubee'
[2026-08-02 01:21:16] Best MusicBrainz release: 'Bubee', album similarity=1.00, score=153.0
[2026-08-02 01:21:18] Cover selected from release 'Bubee' (14041261-b508-4185-b2e0-b39e9fcff635)
[2026-08-02 01:21:18] Saved disk cache: 2f7ddf3ff53fbbc84e804962d687f7b6243c5b4e43f663e209795ec405ceef58_210x210.rgb565
[2026-08-02 01:21:18] RGB565 artwork ready for 'Bubee' / 'ILLIT': 88200 bytes
[2026-08-02 01:21:26] Cache miss for 'Sunday Morning' / 'ILLIT' / 'Sunday Morning'
[2026-08-02 01:21:27] Best MusicBrainz release: 'Sunday Morning', album similarity=1.00, score=153.0
[2026-08-02 01:21:29] Cover selected from release 'Sunday Morning' (65974739-0327-48d4-85ed-3102bb4edf89)
[2026-08-02 01:21:29] Saved disk cache: 956259d77433ea58dc27f8b54859a88987cefa986efccb19db180599a0e04a6a_210x210.rgb565
[2026-08-02 01:21:29] RGB565 artwork ready for 'Sunday Morning' / 'ILLIT': 88200 bytes
[2026-08-02 01:24:19] Immediate memory cache hit for "Find exactly what you're booking for" / 'Booking.com' / "Find exactly what you're booking for"
[2026-08-02 01:24:21] Cache miss for 'Zoro.com' / 'Zoro.com' / 'Zoro.com'
[2026-08-02 01:24:24] No ranked MusicBrainz release for 'Zoro.com' / 'Zoro.com' / 'Zoro.com'
[2026-08-02 01:24:24] No Cover Art Archive image for 'Zoro.com' / 'Zoro.com' / 'Zoro.com'
[2026-08-02 01:24:24] Saved disk cache: 0fe99527538f189b5da30fec6c7875f343b0a1d3078b194f81ed6cb35de076f9_210x210.rgb565
[2026-08-02 01:24:24] RGB565 artwork ready for 'Zoro.com' / 'Zoro.com': 88200 bytes
[2026-08-02 01:24:24] Cache miss for 'The Fastest, Most Reliable Internet' / 'Spectrum' / 'The Fastest, Most Reliable Internet'
[2026-08-02 01:24:35] No ranked MusicBrainz release for 'The Fastest, Most Reliable Internet' / 'Spectrum' / 'The Fastest, Most Reliable Internet'
[2026-08-02 01:24:35] No Cover Art Archive image for 'The Fastest, Most Reliable Internet' / 'Spectrum' / 'The Fastest, Most Reliable Internet'
[2026-08-02 01:24:35] Saved disk cache: 3fa4078b1f8ccd7599048a20e954eb3d51d77c1dc44cb1318bc7e72aa34076bd_210x210.rgb565
[2026-08-02 01:24:35] RGB565 artwork ready for 'The Fastest, Most Reliable Internet' / 'Spectrum': 88200 bytes
[2026-08-02 01:24:35] Cache miss for 'NOT CUTE ANYMORE' / 'ILLIT' / 'NOT CUTE ANYMORE (Holiday Remixes)'
[2026-08-02 01:24:45] Best MusicBrainz release: 'NOT CUTE ANYMORE (Holiday Remixes)', album similarity=1.00, score=151.8
[2026-08-02 01:24:46] Cover selected from release 'NOT CUTE ANYMORE (Holiday Remixes)' (6b189ae3-7895-4b87-8455-2e1a4a4fb907)
[2026-08-02 01:24:46] Saved disk cache: a354f428e52084af784c839894cd43ef9b0a66c80f05e3baf37efb600dc72300_210x210.rgb565
[2026-08-02 01:24:46] RGB565 artwork ready for 'NOT CUTE ANYMORE' / 'ILLIT': 88200 bytes
[2026-08-02 01:26:37] Immediate memory cache hit for 'NOT CUTE ANYMORE (Holiday Party ver.)' / 'ILLIT' / 'NOT CUTE ANYMORE (Holiday Remixes)'
[2026-08-02 01:27:53] Immediate memory cache hit for 'NOT CUTE ANYMORE (Holiday Night ver.)' / 'ILLIT' / 'NOT CUTE ANYMORE (Holiday Remixes)'
[2026-08-02 01:27:56] Immediate memory cache hit for 'NOT CUTE ANYMORE (Sped Up ver.)' / 'ILLIT' / 'NOT CUTE ANYMORE (Holiday Remixes)'
[2026-08-02 01:28:02] Cache miss for 'ALL FOR YOU' / 'ILLIT' / 'ALL FOR YOU, 2027'
[2026-08-02 01:28:05] Best MusicBrainz release: 'ALL FOR YOU, 2027', album similarity=1.00, score=153.0
[2026-08-02 01:28:06] Cover selected from release 'ALL FOR YOU, 2027' (39054ad5-ce12-46c4-885e-26439ee341b8)
[2026-08-02 01:28:06] Saved disk cache: d8d3f38b5c9dd31c612d667371c0c02825df1325533f2e0a8cc362c5e35d57aa_210x210.rgb565
[2026-08-02 01:28:06] RGB565 artwork ready for 'ALL FOR YOU' / 'ILLIT': 88200 bytes
[2026-08-02 01:30:53] Immediate memory cache hit for 'ALL FOR YOU - Instrumental' / 'ILLIT' / 'ALL FOR YOU, 2027'
[2026-08-02 01:30:58] Cache miss for 'NOT CUTE ANYMORE' / 'ILLIT' / 'NOT CUTE ANYMORE'
[2026-08-02 01:30:59] Best MusicBrainz release: 'NOT CUTE ANYMORE', album similarity=1.00, score=153.0
[2026-08-02 01:31:03] Cover selected from release 'NOT CUTE ANYMORE' (b1d13ecc-5e89-4a00-9c52-6b3c69f74ebd)
[2026-08-02 01:31:03] Saved disk cache: 9a3b66a00501aa3f0c8067c7f5fedfd811f0a4d16b293f26a9d7d0024ac1b9b8_210x210.rgb565
[2026-08-02 01:31:03] RGB565 artwork ready for 'NOT CUTE ANYMORE' / 'ILLIT': 88200 bytes
[2026-08-02 01:31:03] Immediate memory cache hit for 'NOT ME' / 'ILLIT' / 'NOT CUTE ANYMORE'
[2026-08-02 01:33:35] Cache miss for 'Secret Quest' / 'ILLIT' / 'Pokémon | Secret Quest (Original Soundtrack)'
[2026-08-02 01:33:42] Best MusicBrainz release: 'Pokémon | Secret Quest', album similarity=0.67, score=122.7
[2026-08-02 01:33:44] Cover selected from release group 'Pokémon | Secret Quest' (9d4e7742-247f-4706-9bf2-398668ff8a4d)
[2026-08-02 01:33:44] Saved disk cache: 41c8bf9ed378983a0eb20f8a503f0fc00a2d4e5be6aa8d7d73684b51ca517cf1_210x210.rgb565
[2026-08-02 01:33:44] RGB565 artwork ready for 'Secret Quest' / 'ILLIT': 88200 bytes
[2026-08-02 01:37:05] Immediate memory cache hit for "Find exactly what you're booking for" / 'Booking.com' / "Find exactly what you're booking for"
[2026-08-02 01:37:08] Cache miss for 'American Military University' / 'American Military Univ' / 'American Military University'
[2026-08-02 01:37:10] No ranked MusicBrainz release for 'American Military University' / 'American Military Univ' / 'American Military University'
[2026-08-02 01:37:10] No Cover Art Archive image for 'American Military University' / 'American Military Univ' / 'American Military University'
[2026-08-02 01:37:10] Saved disk cache: 0bce04d9d4d5928ef5fd126d3b70e03466ffa4384696c5de11aa6e79ac461107_210x210.rgb565
[2026-08-02 01:37:10] RGB565 artwork ready for 'American Military University' / 'American Military Univ': 88200 bytes
[2026-08-02 01:37:10] Cache miss for 'Crispy, Tangy Greatness in One Bite!' / "McDonald's" / 'Crispy, Tangy Greatness in One Bite!'
[2026-08-02 01:37:14] No ranked MusicBrainz release for 'Crispy, Tangy Greatness in One Bite!' / "McDonald's" / 'Crispy, Tangy Greatness in One Bite!'
[2026-08-02 01:37:14] No Cover Art Archive image for 'Crispy, Tangy Greatness in One Bite!' / "McDonald's" / 'Crispy, Tangy Greatness in One Bite!'
[2026-08-02 01:37:14] Saved disk cache: 658e888d3645e9e5283ede446d78044beb894f6f6645f23b9dfa731e7e5732fa_210x210.rgb565
[2026-08-02 01:37:14] RGB565 artwork ready for 'Crispy, Tangy Greatness in One Bite!' / "McDonald's": 88200 bytes
[2026-08-02 01:37:14] Immediate memory cache hit for 'Secret Quest - Instrumental' / 'ILLIT' / 'Pokémon | Secret Quest (Original Soundtrack)'
[2026-08-02 01:37:30] Cache miss for 'Toki Yo Tomare' / 'ILLIT' / 'Toki Yo Tomare'
[2026-08-02 01:37:33] No ranked MusicBrainz release for 'Toki Yo Tomare' / 'ILLIT' / 'Toki Yo Tomare'
[2026-08-02 01:37:33] No Cover Art Archive image for 'Toki Yo Tomare' / 'ILLIT' / 'Toki Yo Tomare'
[2026-08-02 01:37:33] Saved disk cache: a6cf40d9d4c99c89c921b14c8237a55cfb4c1c6630cc8dd3675058e71fcb3699_210x210.rgb565
[2026-08-02 01:37:33] RGB565 artwork ready for 'Toki Yo Tomare' / 'ILLIT': 88200 bytes
[2026-08-02 01:40:39] Immediate memory cache hit for 'Topping' / 'ILLIT' / 'Toki Yo Tomare'
[2026-08-02 01:43:26] Immediate memory cache hit for 'Karitekita Neko (Do the Dance) - Japanese Ver.' / 'ILLIT' / 'Toki Yo Tomare'
[2026-08-02 01:44:18] Immediate memory cache hit for 'Almond Chocolate' / 'ILLIT' / 'Toki Yo Tomare'
[2026-08-02 01:44:28] Immediate memory cache hit for 'How To Crochet - Easy Beginners Amigurumi Whale Tutorial | Low Sew' / 'Knit Grit' / 'Chrome'
[2026-08-02 01:44:31] Immediate memory cache hit for 'Almond Chocolate' / 'ILLIT' / 'Toki Yo Tomare'
[2026-08-02 01:44:32] Immediate memory cache hit for 'How To Crochet - Easy Beginners Amigurumi Whale Tutorial | Low Sew' / 'Knit Grit' / 'Chrome'
[2026-08-02 01:52:03] Immediate memory cache hit for 'Almond Chocolate' / 'ILLIT' / 'Toki Yo Tomare'
[2026-08-02 01:55:17] Cache miss for 'Topping' / 'ILLIT' / 'Topping'
[2026-08-02 01:55:18] Best MusicBrainz release: 'Topping', album similarity=1.00, score=153.0
[2026-08-02 01:55:20] Cover selected from release 'Topping' (72cd341e-247f-48a9-ade1-d75bab56fa17)
[2026-08-02 01:55:20] Saved disk cache: 6e6b5af517344d8ae3df9d2a89c6b7ab5094583e98685eb5fb6f21511f8ec27e_210x210.rgb565
[2026-08-02 01:55:20] RGB565 artwork ready for 'Topping' / 'ILLIT': 88200 bytes
[2026-08-02 01:55:28] Cache miss for 'jellyous' / 'ILLIT' / 'jellyous (Feat. Sophie Powers)'
[2026-08-02 01:55:38] Best MusicBrainz release: 'jellyous', album similarity=0.46, score=104.6
[2026-08-02 01:55:40] Cover selected from release group 'jellyous' (bc8ec115-ec1c-40db-a87c-6bbfed066bac)
[2026-08-02 01:55:40] Saved disk cache: fbdfc5a394d2f7a941aab35692841463033201a0076f4d60a2c2898afb304fc9_210x210.rgb565
[2026-08-02 01:55:40] RGB565 artwork ready for 'jellyous' / 'ILLIT': 88200 bytes
[2026-08-02 01:55:44] Immediate memory cache hit for 'jellyous (Feat. Sophie Powers)' / 'ILLIT' / 'jellyous (Feat. Sophie Powers)'
[2026-08-02 01:58:28] Cache miss for 'Summer Black Friday - Up to 45% Off' / 'Blinds.com' / 'Summer Black Friday - Up to 45% Off'
[2026-08-02 01:58:31] No ranked MusicBrainz release for 'Summer Black Friday - Up to 45% Off' / 'Blinds.com' / 'Summer Black Friday - Up to 45% Off'
[2026-08-02 01:58:31] No Cover Art Archive image for 'Summer Black Friday - Up to 45% Off' / 'Blinds.com' / 'Summer Black Friday - Up to 45% Off'
[2026-08-02 01:58:31] Saved disk cache: 6b4ddc02ef5f4353f243f37db7d633ae19651d30b46dc5a6d5ec6e12c18efba7_210x210.rgb565
[2026-08-02 01:58:31] RGB565 artwork ready for 'Summer Black Friday - Up to 45% Off' / 'Blinds.com': 88200 bytes
[2026-08-02 01:58:31] Immediate memory cache hit for 'San Diego Padres' / 'San Diego Padres' / 'San Diego Padres'
[2026-08-02 01:58:32] Immediate memory cache hit for 'Zoro.com' / 'Zoro.com' / 'Zoro.com'
[2026-08-02 01:58:33] Cache miss for 'A nutritious pick-me-up' / 'Zespri Kiwifruit' / 'A nutritious pick-me-up'
[2026-08-02 01:58:36] No ranked MusicBrainz release for 'A nutritious pick-me-up' / 'Zespri Kiwifruit' / 'A nutritious pick-me-up'
[2026-08-02 01:58:36] No Cover Art Archive image for 'A nutritious pick-me-up' / 'Zespri Kiwifruit' / 'A nutritious pick-me-up'
[2026-08-02 01:58:36] Saved disk cache: 25e41daf32e4a183e81a99abdb507be41e5dfdc92d18eae2d56e9cde0f7c18a7_210x210.rgb565
[2026-08-02 01:58:36] RGB565 artwork ready for 'A nutritious pick-me-up' / 'Zespri Kiwifruit': 88200 bytes
[2026-08-02 01:58:37] Cache miss for 'Billyeoon Goyangi (Do the Dance)' / 'ILLIT' / 'Billyeoon Goyangi (Do the Dance) (Remixes)'
[2026-08-02 01:58:40] No ranked MusicBrainz release for 'Billyeoon Goyangi (Do the Dance)' / 'ILLIT' / 'Billyeoon Goyangi (Do the Dance) (Remixes)'
[2026-08-02 01:58:40] No Cover Art Archive image for 'Billyeoon Goyangi (Do the Dance)' / 'ILLIT' / 'Billyeoon Goyangi (Do the Dance) (Remixes)'
[2026-08-02 01:58:40] Saved disk cache: ff6195119fb351ea84d161bbaee151937d890d89597e79f7e8afc3ddd2ffce27_210x210.rgb565
[2026-08-02 01:58:40] RGB565 artwork ready for 'Billyeoon Goyangi (Do the Dance)' / 'ILLIT': 88200 bytes
[2026-08-02 01:58:55] Immediate memory cache hit for "Billyeoon Goyangi (Do the Dance) (Snail's House Remix)" / 'ILLIT' / 'Billyeoon Goyangi (Do the Dance) (Remixes)'
[2026-08-02 02:01:23] Immediate memory cache hit for 'Billyeoon Goyangi (Do the Dance) (Sunlight Remix)' / 'ILLIT' / 'Billyeoon Goyangi (Do the Dance) (Remixes)'
[2026-08-02 02:04:38] Immediate memory cache hit for 'Billyeoon Goyangi (Do the Dance) (Remix)' / 'ILLIT' / 'Billyeoon Goyangi (Do the Dance) (Remixes)'
[2026-08-02 02:05:36] Media session manually selected: Spotify — Billyeoon Goyangi (Do the Dance) (Remix)
[2026-08-02 02:05:36] Media session manually selected: Chrome — Billyeoon Goyangi (Do the Dance) (Remix)
[2026-08-02 02:05:36] Media source selection changed to Auto
[2026-08-02 02:05:37] Media session manually selected: Spotify — Billyeoon Goyangi (Do the Dance) (Remix)
[2026-08-02 02:05:37] Media session manually selected: Chrome — Billyeoon Goyangi (Do the Dance) (Remix)
[2026-08-02 02:05:38] Media source selection changed to Auto
[2026-08-02 02:06:03] Immediate memory cache hit for 'Billyeoon Goyangi (Do the Dance) (Breakbot & Irfane Remix)' / 'ILLIT' / 'Billyeoon Goyangi (Do the Dance) (Remixes)'
[2026-08-02 02:06:58] Chrome tab bridge listening on http://127.0.0.1:8765
[2026-08-02 02:07:01] Immediate disk cache hit for 'Billyeoon Goyangi (Do the Dance) (Breakbot & Irfane Remix)' / 'ILLIT' / 'Billyeoon Goyangi (Do the Dance) (Remixes)'
[2026-08-02 02:07:12] Immediate memory cache hit for 'Billyeoon Goyangi (Do the Dance) (Breakbot & Irfane Remix)' / 'ILLIT' / 'Billyeoon Goyangi (Do the Dance) (Remixes)'
[2026-08-02 02:07:20] Media session manually selected: Spotify — Billyeoon Goyangi (Do the Dance) (Breakbot & Irfane Remix)
[2026-08-02 02:09:08] The manually selected media session is no longer available; returning to Auto
[2026-08-02 02:09:08] Immediate memory cache hit for 'Billyeoon Goyangi (Do the Dance) (Slowed + Reverb)' / 'ILLIT' / 'Billyeoon Goyangi (Do the Dance) (Remixes)'
[2026-08-02 02:09:20] Cache miss for 'little monster' / 'ILLIT' / 'bomb'
[2026-08-02 02:09:21] Best MusicBrainz release: 'bomb', album similarity=1.00, score=153.0
[2026-08-02 02:09:23] Cover selected from release 'bomb' (7107d483-fde8-4db5-b2a7-5f58821c4177)
[2026-08-02 02:09:23] Saved disk cache: 92c9d4b5a80d825d24b1db35b04e281fdffaef04fbf21b6912a2e65c781648c5_210x210.rgb565
[2026-08-02 02:09:23] RGB565 artwork ready for 'little monster' / 'ILLIT': 88200 bytes
[2026-08-02 02:11:50] Immediate memory cache hit for 'Billyeoon Goyangi (Do the Dance)' / 'ILLIT' / 'bomb'
[2026-08-02 02:14:59] Immediate disk cache hit for 'Summer Black Friday - Up to 45% Off' / 'Blinds.com' / 'Summer Black Friday - Up to 45% Off'
[2026-08-02 02:15:01] Cache miss for "Connect like you're home with AT&T." / 'AT&T' / "Connect like you're home with AT&T."
[2026-08-02 02:15:04] No ranked MusicBrainz release for "Connect like you're home with AT&T." / 'AT&T' / "Connect like you're home with AT&T."
[2026-08-02 02:15:04] No Cover Art Archive image for "Connect like you're home with AT&T." / 'AT&T' / "Connect like you're home with AT&T."
[2026-08-02 02:15:04] Saved disk cache: 1d4737ba948ede1c064a3f57f441b45afc80c7b5abb266970c5ce0c44ecf2a31_210x210.rgb565
[2026-08-02 02:15:04] RGB565 artwork ready for "Connect like you're home with AT&T." / 'AT&T': 88200 bytes
[2026-08-02 02:15:04] Immediate memory cache hit for 'jellyous' / 'ILLIT' / 'bomb'
[2026-08-02 02:16:27] Immediate memory cache hit for 'oops!' / 'ILLIT' / 'bomb'
[2026-08-02 02:19:10] Immediate memory cache hit for 'bamsopoong' / 'ILLIT' / 'bomb'
[2026-08-02 02:20:54] Cache miss for 'You cant know it all #electricianvictoria #victoriaelectricians' / 'Calvin Priddell' / 'Chrome'
[2026-08-02 02:20:56] No ranked MusicBrainz release for 'You cant know it all #electricianvictoria #victoriaelectricians' / 'Calvin Priddell' / 'Chrome'
[2026-08-02 02:20:56] No Cover Art Archive image for 'You cant know it all #electricianvictoria #victoriaelectricians' / 'Calvin Priddell' / 'Chrome'
[2026-08-02 02:20:56] Saved disk cache: ca44015e2ee0bf4028c500cbb109d6007457c6168b8e61fc4c5a75762f5b1140_210x210.rgb565
[2026-08-02 02:20:56] RGB565 artwork ready for 'You cant know it all #electricianvictoria #victoriaelectricians' / 'Calvin Priddell': 88200 bytes
[2026-08-02 02:21:17] Cache miss for 'She Tested The Wrong Piano Tuner :) | Tuner (2026)' / 'Cut Cartels' / 'Chrome'
[2026-08-02 02:21:21] No ranked MusicBrainz release for 'She Tested The Wrong Piano Tuner :) | Tuner (2026)' / 'Cut Cartels' / 'Chrome'
[2026-08-02 02:21:21] No Cover Art Archive image for 'She Tested The Wrong Piano Tuner :) | Tuner (2026)' / 'Cut Cartels' / 'Chrome'
[2026-08-02 02:21:21] Saved disk cache: ac39cd00363b6101c89834d3af1800abdf4a91e7186617b631175b812acadaef_210x210.rgb565
[2026-08-02 02:21:21] RGB565 artwork ready for 'She Tested The Wrong Piano Tuner :) | Tuner (2026)' / 'Cut Cartels': 88200 bytes
[2026-08-02 02:22:20] Cache miss for '#piano #funnyvideo #funny #reaction #pov' / 'frffgh' / 'Chrome'
[2026-08-02 02:22:22] No ranked MusicBrainz release for '#piano #funnyvideo #funny #reaction #pov' / 'frffgh' / 'Chrome'
[2026-08-02 02:22:22] No Cover Art Archive image for '#piano #funnyvideo #funny #reaction #pov' / 'frffgh' / 'Chrome'
[2026-08-02 02:22:22] Saved disk cache: 1ce0661ad81119810ece60aadfb561d26bac09c0ad9505bb41ad4d917ff09de1_210x210.rgb565
[2026-08-02 02:22:22] RGB565 artwork ready for '#piano #funnyvideo #funny #reaction #pov' / 'frffgh': 88200 bytes
[2026-08-02 02:23:18] Cache miss for 'Winnie the Pooh style deadpool legs #shortvideo#foryou#movie' / 'Graig Landerman' / 'Chrome'
[2026-08-02 02:23:20] Cache miss for 'Winnie the Pooh style deadpool legs #shortvideo#foryou#movie' / 'Graig Landerman' / 'Chrome'
[2026-08-02 02:23:23] No ranked MusicBrainz release for 'Winnie the Pooh style deadpool legs #shortvideo#foryou#movie' / 'Graig Landerman' / 'Chrome'
[2026-08-02 02:23:23] No Cover Art Archive image for 'Winnie the Pooh style deadpool legs #shortvideo#foryou#movie' / 'Graig Landerman' / 'Chrome'
[2026-08-02 02:23:23] Saved disk cache: 46d1f91e992912f36fb89eff9b5b027e4b655a7abb5bf333459f6e55b760c1b6_210x210.rgb565
[2026-08-02 02:23:23] RGB565 artwork ready for 'Winnie the Pooh style deadpool legs #shortvideo#foryou#movie' / 'Graig Landerman': 88200 bytes
[2026-08-02 02:24:22] Cache miss for 'Chris Pratt’s INSANE headshot story 📸' / 'The Graham Norton Show' / 'Chrome'
[2026-08-02 02:24:25] No ranked MusicBrainz release for 'Chris Pratt’s INSANE headshot story 📸' / 'The Graham Norton Show' / 'Chrome'
[2026-08-02 02:24:25] No Cover Art Archive image for 'Chris Pratt’s INSANE headshot story 📸' / 'The Graham Norton Show' / 'Chrome'
[2026-08-02 02:24:25] Saved disk cache: eda7edb21b26b4e5110e20ca411516ee079dd8b5cd307f98b83084abbd84c7b0_210x210.rgb565
[2026-08-02 02:24:25] RGB565 artwork ready for 'Chris Pratt’s INSANE headshot story 📸' / 'The Graham Norton Show': 88200 bytes
[2026-08-02 02:26:01] Cache miss for 'this is pure skills  #art' / 'Papalito' / 'Chrome'
[2026-08-02 02:26:03] No ranked MusicBrainz release for 'this is pure skills  #art' / 'Papalito' / 'Chrome'
[2026-08-02 02:26:03] No Cover Art Archive image for 'this is pure skills  #art' / 'Papalito' / 'Chrome'
[2026-08-02 02:26:03] Saved disk cache: e0e2b39fde9ff0fe9a02dc1aad553968635feb3417537a9b65f3d86d67fe4642_210x210.rgb565
[2026-08-02 02:26:03] RGB565 artwork ready for 'this is pure skills  #art' / 'Papalito': 88200 bytes
[2026-08-02 02:26:09] Cache miss for 'Discord memes #acapella' / 'The Meme Submarine' / 'Chrome'
[2026-08-02 02:26:11] Cache miss for 'Discord memes #acapella' / 'The Meme Submarine' / 'Chrome'
[2026-08-02 02:26:14] No ranked MusicBrainz release for 'Discord memes #acapella' / 'The Meme Submarine' / 'Chrome'
[2026-08-02 02:26:14] No Cover Art Archive image for 'Discord memes #acapella' / 'The Meme Submarine' / 'Chrome'
[2026-08-02 02:26:14] Saved disk cache: fe3af5f6220991620c5cf6b36998fc33fa0d45ac4f16b997840a53e73be3d8c3_210x210.rgb565
[2026-08-02 02:26:14] RGB565 artwork ready for 'Discord memes #acapella' / 'The Meme Submarine': 88200 bytes
[2026-08-02 02:26:14] Cache miss for 'I got an amber alert called on me' / '1 Minute Talk Show' / 'Chrome'
[2026-08-02 02:26:17] No ranked MusicBrainz release for 'I got an amber alert called on me' / '1 Minute Talk Show' / 'Chrome'
[2026-08-02 02:26:17] No Cover Art Archive image for 'I got an amber alert called on me' / '1 Minute Talk Show' / 'Chrome'
[2026-08-02 02:26:17] Saved disk cache: 5e3d4e08398e1936e1447cb7121a09b57f8efaf0db4c34196faec84a51cb183d_210x210.rgb565
[2026-08-02 02:26:17] RGB565 artwork ready for 'I got an amber alert called on me' / '1 Minute Talk Show': 88200 bytes
[2026-08-02 02:26:30] Cache miss for 'HOW to Use a Tachymeter on a Chronograph ⏱️' / 'Minute Mon' / 'Chrome'
[2026-08-02 02:26:33] No ranked MusicBrainz release for 'HOW to Use a Tachymeter on a Chronograph ⏱️' / 'Minute Mon' / 'Chrome'
[2026-08-02 02:26:33] No Cover Art Archive image for 'HOW to Use a Tachymeter on a Chronograph ⏱️' / 'Minute Mon' / 'Chrome'
[2026-08-02 02:26:33] Saved disk cache: d07f0c26c712b3c920d9d9978447485fe38dba3e20bf5bdd2056e984ffdac6c0_210x210.rgb565
[2026-08-02 02:26:33] RGB565 artwork ready for 'HOW to Use a Tachymeter on a Chronograph ⏱️' / 'Minute Mon': 88200 bytes
[2026-08-02 02:27:22] Immediate memory cache hit for 'bamsopoong' / 'ILLIT' / 'bomb'
[2026-08-02 02:27:23] Immediate memory cache hit for 'Discord memes #acapella' / 'The Meme Submarine' / 'Chrome'
[2026-08-02 02:27:25] Cache miss for 'This ROLEX has broken the SAPPHIRE twice==' / 'siyuanhorologe' / 'Chrome'
[2026-08-02 02:27:27] No ranked MusicBrainz release for 'This ROLEX has broken the SAPPHIRE twice==' / 'siyuanhorologe' / 'Chrome'
[2026-08-02 02:27:27] No Cover Art Archive image for 'This ROLEX has broken the SAPPHIRE twice==' / 'siyuanhorologe' / 'Chrome'
[2026-08-02 02:27:27] Saved disk cache: 94ab1cc47d597c7902fcb84a88619aecfb25ccaae25bef90b19f562e3f3ade33_210x210.rgb565
[2026-08-02 02:27:27] RGB565 artwork ready for 'This ROLEX has broken the SAPPHIRE twice==' / 'siyuanhorologe': 88200 bytes
[2026-08-02 02:27:28] Cache miss for 'Togi Fnds A $300 Rolex While Thrifting💀 @ShaneStoffer #togi #clips #funny #shanestoffer #rolex' / 'Togi Clips' / 'Chrome'
[2026-08-02 02:27:31] No ranked MusicBrainz release for 'Togi Fnds A $300 Rolex While Thrifting💀 @ShaneStoffer #togi #clips #funny #shanestoffer #rolex' / 'Togi Clips' / 'Chrome'
[2026-08-02 02:27:31] No Cover Art Archive image for 'Togi Fnds A $300 Rolex While Thrifting💀 @ShaneStoffer #togi #clips #funny #shanestoffer #rolex' / 'Togi Clips' / 'Chrome'
[2026-08-02 02:27:31] Saved disk cache: 0998ab9f1511dc39a4da7ba01363f5261cabca89a556ab25e6cd3505640349e3_210x210.rgb565
[2026-08-02 02:27:31] RGB565 artwork ready for 'Togi Fnds A $300 Rolex While Thrifting💀 @ShaneStoffer #togi #clips #funny #shanestoffer #rolex' / 'Togi Clips': 88200 bytes
[2026-08-02 02:27:59] Cache miss for 'People Naturally Follow Whoever Feels Most Calm #calmness #selfcontrol #psychology' / 'The Alpha Mind' / 'Chrome'
[2026-08-02 02:28:02] No ranked MusicBrainz release for 'People Naturally Follow Whoever Feels Most Calm #calmness #selfcontrol #psychology' / 'The Alpha Mind' / 'Chrome'
[2026-08-02 02:28:02] No Cover Art Archive image for 'People Naturally Follow Whoever Feels Most Calm #calmness #selfcontrol #psychology' / 'The Alpha Mind' / 'Chrome'
[2026-08-02 02:28:02] Saved disk cache: 474ac5f3b7553bc80980a7570142506e5e9c54b524facb4611ca9522dcd6b3ed_210x210.rgb565
[2026-08-02 02:28:02] RGB565 artwork ready for 'People Naturally Follow Whoever Feels Most Calm #calmness #selfcontrol #psychology' / 'The Alpha Mind': 88200 bytes
[2026-08-02 02:28:02] Cache miss for 'Sacram like this has become a lost art' / 'laughOrCry🤣😭' / 'Chrome'
[2026-08-02 02:28:05] No ranked MusicBrainz release for 'Sacram like this has become a lost art' / 'laughOrCry🤣😭' / 'Chrome'
[2026-08-02 02:28:05] No Cover Art Archive image for 'Sacram like this has become a lost art' / 'laughOrCry🤣😭' / 'Chrome'
[2026-08-02 02:28:05] Saved disk cache: 7b76e20c64526fd529e544634781983fa4b4ad458836c3e1042b8373c8a90955_210x210.rgb565
[2026-08-02 02:28:05] RGB565 artwork ready for 'Sacram like this has become a lost art' / 'laughOrCry🤣😭': 88200 bytes
[2026-08-02 02:34:36] Immediate memory cache hit for 'Chris Pratt’s INSANE headshot story 📸' / 'The Graham Norton Show' / 'Chrome'
[2026-08-02 02:34:37] Immediate memory cache hit for 'bamsopoong' / 'ILLIT' / 'bomb'
[2026-08-02 02:34:39] Cache miss for 'Real vs. Fake Rolex!' / 'The Iced Coffee Hour' / 'Chrome'
[2026-08-02 02:34:41] No ranked MusicBrainz release for 'Real vs. Fake Rolex!' / 'The Iced Coffee Hour' / 'Chrome'
[2026-08-02 02:34:41] No Cover Art Archive image for 'Real vs. Fake Rolex!' / 'The Iced Coffee Hour' / 'Chrome'
[2026-08-02 02:34:41] Saved disk cache: 8c75b7b75c90478acfd153473348f8bbc9b62010b8f5b6c76c90d76190530acb_210x210.rgb565
[2026-08-02 02:34:41] RGB565 artwork ready for 'Real vs. Fake Rolex!' / 'The Iced Coffee Hour': 88200 bytes
[2026-08-02 02:35:25] Cache miss for "Amazon's top selling watches" / 'Nico Leonard' / 'Chrome'
[2026-08-02 02:35:27] No ranked MusicBrainz release for "Amazon's top selling watches" / 'Nico Leonard' / 'Chrome'
[2026-08-02 02:35:27] No Cover Art Archive image for "Amazon's top selling watches" / 'Nico Leonard' / 'Chrome'
[2026-08-02 02:35:27] Saved disk cache: 2c8dd0c69b9c243634ce5bcdabaee0fb6ce6425f2e77c0cba403f3b201687120_210x210.rgb565
[2026-08-02 02:35:27] RGB565 artwork ready for "Amazon's top selling watches" / 'Nico Leonard': 88200 bytes
[2026-08-02 02:35:37] Cache miss for 'INSANE F1 DRIVERS REACTION TRAINING!  #formula1' / 'F1 HUB' / 'Chrome'
[2026-08-02 02:35:39] No ranked MusicBrainz release for 'INSANE F1 DRIVERS REACTION TRAINING!  #formula1' / 'F1 HUB' / 'Chrome'
[2026-08-02 02:35:39] No Cover Art Archive image for 'INSANE F1 DRIVERS REACTION TRAINING!  #formula1' / 'F1 HUB' / 'Chrome'
[2026-08-02 02:35:40] Saved disk cache: 574e4b9be4665004ccc49cfff596f60ddacbb2f74038c61d7338bbe39ab4f1bf_210x210.rgb565
[2026-08-02 02:35:40] RGB565 artwork ready for 'INSANE F1 DRIVERS REACTION TRAINING!  #formula1' / 'F1 HUB': 88200 bytes
[2026-08-02 02:35:40] Cache miss for 'The ultimate human weakness tape. 😂' / 'Melissa Kostromina' / 'Chrome'
[2026-08-02 02:35:43] No ranked MusicBrainz release for 'The ultimate human weakness tape. 😂' / 'Melissa Kostromina' / 'Chrome'
[2026-08-02 02:35:43] No Cover Art Archive image for 'The ultimate human weakness tape. 😂' / 'Melissa Kostromina' / 'Chrome'
[2026-08-02 02:35:43] Saved disk cache: e8a5cb914c19b94bfba1bea1cc41914f9d17e700d28cc8019f88e9b348f2f35a_210x210.rgb565
[2026-08-02 02:35:43] RGB565 artwork ready for 'The ultimate human weakness tape. 😂' / 'Melissa Kostromina': 88200 bytes
[2026-08-02 02:35:43] Cache miss for 'Name the tool you keep it #automotiverepair #automobile #giveaway #tools #diy #mechanic' / 'Josh Sanderson' / 'Chrome'
[2026-08-02 02:35:47] No ranked MusicBrainz release for 'Name the tool you keep it #automotiverepair #automobile #giveaway #tools #diy #mechanic' / 'Josh Sanderson' / 'Chrome'
[2026-08-02 02:35:47] No Cover Art Archive image for 'Name the tool you keep it #automotiverepair #automobile #giveaway #tools #diy #mechanic' / 'Josh Sanderson' / 'Chrome'
[2026-08-02 02:35:47] Saved disk cache: 184d59c001adbd173dce9636ebabad79ded089f615649f1b062a07faa8cf5b1d_210x210.rgb565
[2026-08-02 02:35:47] RGB565 artwork ready for 'Name the tool you keep it #automotiverepair #automobile #giveaway #tools #diy #mechanic' / 'Josh Sanderson': 88200 bytes
[2026-08-02 02:38:12] Cache miss for 'POV: You’ve spent $53,000 at Rolex' / 'Atlanta Luxury Bags' / 'Chrome'
[2026-08-02 02:38:16] Cache miss for 'POV: You’ve spent $53,000 at Rolex' / 'Atlanta Luxury Bags' / 'Chrome'
[2026-08-02 02:38:18] No ranked MusicBrainz release for 'POV: You’ve spent $53,000 at Rolex' / 'Atlanta Luxury Bags' / 'Chrome'
[2026-08-02 02:38:18] No Cover Art Archive image for 'POV: You’ve spent $53,000 at Rolex' / 'Atlanta Luxury Bags' / 'Chrome'
[2026-08-02 02:38:18] Saved disk cache: 6647a5922c2801146cef517e97ae31a3c4a6a01ec7de1968329e886e8561baf4_210x210.rgb565
[2026-08-02 02:38:18] RGB565 artwork ready for 'POV: You’ve spent $53,000 at Rolex' / 'Atlanta Luxury Bags': 88200 bytes
[2026-08-02 02:39:00] Cache miss for 'The Devs Thought of Everything🫨 #shorts #gaming' / 'The Last Sparta' / 'Chrome'
[2026-08-02 02:39:03] No ranked MusicBrainz release for 'The Devs Thought of Everything🫨 #shorts #gaming' / 'The Last Sparta' / 'Chrome'
[2026-08-02 02:39:03] No Cover Art Archive image for 'The Devs Thought of Everything🫨 #shorts #gaming' / 'The Last Sparta' / 'Chrome'
[2026-08-02 02:39:03] Saved disk cache: e9f5a1107adc09291c07cfd5318dd67192bde44562691002ec07c5b39363946d_210x210.rgb565
[2026-08-02 02:39:03] RGB565 artwork ready for 'The Devs Thought of Everything🫨 #shorts #gaming' / 'The Last Sparta': 88200 bytes
[2026-08-02 02:39:06] Cache miss for 'Hiding as BABY ZOMBIE is CRAZY 😱' / 'Cheevz' / 'Chrome'
[2026-08-02 02:39:08] No ranked MusicBrainz release for 'Hiding as BABY ZOMBIE is CRAZY 😱' / 'Cheevz' / 'Chrome'
[2026-08-02 02:39:08] No Cover Art Archive image for 'Hiding as BABY ZOMBIE is CRAZY 😱' / 'Cheevz' / 'Chrome'
[2026-08-02 02:39:08] Saved disk cache: 2041c09dd7019d3be232fbea0e58d5e7776e32df9a1645251a33a192dd4e3b3f_210x210.rgb565
[2026-08-02 02:39:08] RGB565 artwork ready for 'Hiding as BABY ZOMBIE is CRAZY 😱' / 'Cheevz': 88200 bytes
[2026-08-02 02:39:09] Immediate memory cache hit for 'bamsopoong' / 'ILLIT' / 'bomb'
[2026-08-02 02:39:10] Cache miss for 'Most expensive part of Bugatti' / 'Alex Gonzalez' / 'Chrome'
[2026-08-02 02:39:13] No ranked MusicBrainz release for 'Most expensive part of Bugatti' / 'Alex Gonzalez' / 'Chrome'
[2026-08-02 02:39:13] No Cover Art Archive image for 'Most expensive part of Bugatti' / 'Alex Gonzalez' / 'Chrome'
[2026-08-02 02:39:13] Saved disk cache: 5df0a9c2108a6bf8b0a49cb5af789b8085c1dfb5ae7a937421fd6fd7719e5e81_210x210.rgb565
[2026-08-02 02:39:13] RGB565 artwork ready for 'Most expensive part of Bugatti' / 'Alex Gonzalez': 88200 bytes
[2026-08-02 02:39:39] Cache miss for 'How J.K. Simmons Kept Losing His Teeth on Set 🦷😤' / 'History Exposed Shorts' / 'Chrome'
[2026-08-02 02:39:42] No ranked MusicBrainz release for 'How J.K. Simmons Kept Losing His Teeth on Set 🦷😤' / 'History Exposed Shorts' / 'Chrome'
[2026-08-02 02:39:42] No Cover Art Archive image for 'How J.K. Simmons Kept Losing His Teeth on Set 🦷😤' / 'History Exposed Shorts' / 'Chrome'
[2026-08-02 02:39:42] Saved disk cache: f01e18435f01ca1b20caecccedf470b9640ba1ba8684a23f16888328a3fe9c19_210x210.rgb565
[2026-08-02 02:39:42] RGB565 artwork ready for 'How J.K. Simmons Kept Losing His Teeth on Set 🦷😤' / 'History Exposed Shorts': 88200 bytes
[2026-08-02 02:39:43] Cache miss for "sunflower ain't sun flowering" / 'Leovannn' / 'Chrome'
[2026-08-02 02:39:45] No ranked MusicBrainz release for "sunflower ain't sun flowering" / 'Leovannn' / 'Chrome'
[2026-08-02 02:39:45] No Cover Art Archive image for "sunflower ain't sun flowering" / 'Leovannn' / 'Chrome'
[2026-08-02 02:39:45] Saved disk cache: e03362d1b008897baf84a9a2857b25b2fd046c930477fd0caa15a88a3a876f0f_210x210.rgb565
[2026-08-02 02:39:45] RGB565 artwork ready for "sunflower ain't sun flowering" / 'Leovannn': 88200 bytes
[2026-08-02 02:39:51] Immediate memory cache hit for 'bamsopoong' / 'ILLIT' / 'bomb'
[2026-08-02 02:39:52] Cache miss for 'Polka Dot Man👇👇👇#movie #edit #movieedit #aeedit #fyp #tiktok' / 'vnnttxx' / 'Chrome'
[2026-08-02 02:39:54] No ranked MusicBrainz release for 'Polka Dot Man👇👇👇#movie #edit #movieedit #aeedit #fyp #tiktok' / 'vnnttxx' / 'Chrome'
[2026-08-02 02:39:54] No Cover Art Archive image for 'Polka Dot Man👇👇👇#movie #edit #movieedit #aeedit #fyp #tiktok' / 'vnnttxx' / 'Chrome'
[2026-08-02 02:39:54] Saved disk cache: 9d3502e3addc5bca39c5a4343255bbc2442ae85b9e6d7876de1d743be5a23df8_210x210.rgb565
[2026-08-02 02:39:54] RGB565 artwork ready for 'Polka Dot Man👇👇👇#movie #edit #movieedit #aeedit #fyp #tiktok' / 'vnnttxx': 88200 bytes
[2026-08-02 02:41:19] Cache miss for 'The Most Humbling Gym Experience…' / 'Connor Sinann' / 'Chrome'
[2026-08-02 02:41:22] No ranked MusicBrainz release for 'The Most Humbling Gym Experience…' / 'Connor Sinann' / 'Chrome'
[2026-08-02 02:41:22] No Cover Art Archive image for 'The Most Humbling Gym Experience…' / 'Connor Sinann' / 'Chrome'
[2026-08-02 02:41:22] Saved disk cache: 9e167bef6407f313bed3fd7d1f2bd4959021d411341da20b48e18eb8429844be_210x210.rgb565
[2026-08-02 02:41:22] RGB565 artwork ready for 'The Most Humbling Gym Experience…' / 'Connor Sinann': 88200 bytes
[2026-08-02 02:42:03] Cache miss for 'Some guys are just hacks #electrician #dayinthelife #electrical #electricalcontractor #electric' / 'DMC_ELECTRIC_' / 'Chrome'
[2026-08-02 02:42:05] No ranked MusicBrainz release for 'Some guys are just hacks #electrician #dayinthelife #electrical #electricalcontractor #electric' / 'DMC_ELECTRIC_' / 'Chrome'
[2026-08-02 02:42:05] No Cover Art Archive image for 'Some guys are just hacks #electrician #dayinthelife #electrical #electricalcontractor #electric' / 'DMC_ELECTRIC_' / 'Chrome'
[2026-08-02 02:42:05] Saved disk cache: 97a6b5e5347c4b6f2c9175133512a492877254aff4d2cc6e48243e1fab392241_210x210.rgb565
[2026-08-02 02:42:05] RGB565 artwork ready for 'Some guys are just hacks #electrician #dayinthelife #electrical #electricalcontractor #electric' / 'DMC_ELECTRIC_': 88200 bytes
[2026-08-02 02:42:05] Cache miss for 'During a live-fire exercise, a Marine hit a goose that was flying by 😱🪖' / 'Drill Sergeant' / 'Chrome'
[2026-08-02 02:42:09] No ranked MusicBrainz release for 'During a live-fire exercise, a Marine hit a goose that was flying by 😱🪖' / 'Drill Sergeant' / 'Chrome'
[2026-08-02 02:42:09] No Cover Art Archive image for 'During a live-fire exercise, a Marine hit a goose that was flying by 😱🪖' / 'Drill Sergeant' / 'Chrome'
[2026-08-02 02:42:09] Saved disk cache: 154201e5a57ff50a03347c07c80851675155a0316787ddbf89ee0b7086a230f2_210x210.rgb565
[2026-08-02 02:42:09] RGB565 artwork ready for 'During a live-fire exercise, a Marine hit a goose that was flying by 😱🪖' / 'Drill Sergeant': 88200 bytes
[2026-08-02 02:42:25] Cache miss for 'Are You Buying the Watch or the Brand?' / 'Peter Reitano' / 'Chrome'
[2026-08-02 02:42:28] No ranked MusicBrainz release for 'Are You Buying the Watch or the Brand?' / 'Peter Reitano' / 'Chrome'
[2026-08-02 02:42:28] No Cover Art Archive image for 'Are You Buying the Watch or the Brand?' / 'Peter Reitano' / 'Chrome'
[2026-08-02 02:42:28] Saved disk cache: cf0995079559605f1730e144b18f547481572b91eadc0ee59695f5fe62b81eb7_210x210.rgb565
[2026-08-02 02:42:28] RGB565 artwork ready for 'Are You Buying the Watch or the Brand?' / 'Peter Reitano': 88200 bytes
[2026-08-02 02:44:24] Cache miss for 'Lego V8 engine misfiring' / 'crs extra' / 'Chrome'
[2026-08-02 02:44:26] No ranked MusicBrainz release for 'Lego V8 engine misfiring' / 'crs extra' / 'Chrome'
[2026-08-02 02:44:26] No Cover Art Archive image for 'Lego V8 engine misfiring' / 'crs extra' / 'Chrome'
[2026-08-02 02:44:26] Saved disk cache: a10b8dc33bfc08e6853bd81a419c686eb7835ead5ed2bd7388b87c6b5eb24d4d_210x210.rgb565
[2026-08-02 02:44:26] RGB565 artwork ready for 'Lego V8 engine misfiring' / 'crs extra': 88200 bytes
[2026-08-02 02:44:51] Immediate memory cache hit for 'bamsopoong' / 'ILLIT' / 'bomb'
[2026-08-02 02:44:52] Immediate memory cache hit for 'Lego V8 engine misfiring' / 'crs extra' / 'Chrome'
[2026-08-02 02:44:55] Cache miss for 'Airsofter Gets Accused Of Full Auto!' / 'Story Joy' / 'Chrome'
[2026-08-02 02:44:58] No ranked MusicBrainz release for 'Airsofter Gets Accused Of Full Auto!' / 'Story Joy' / 'Chrome'
[2026-08-02 02:44:58] No Cover Art Archive image for 'Airsofter Gets Accused Of Full Auto!' / 'Story Joy' / 'Chrome'
[2026-08-02 02:44:58] Saved disk cache: ffa88cfe3cdd31e2484c4032d6a773a40b2fadecfcae6728cf6e5c85858bf5d0_210x210.rgb565
[2026-08-02 02:44:58] RGB565 artwork ready for 'Airsofter Gets Accused Of Full Auto!' / 'Story Joy': 88200 bytes
[2026-08-02 02:44:58] Immediate memory cache hit for 'bamsopoong' / 'ILLIT' / 'bomb'
[2026-08-02 02:45:09] Immediate memory cache hit for 'Airsofter Gets Accused Of Full Auto!' / 'Story Joy' / 'Chrome'
[2026-08-02 02:45:11] Immediate memory cache hit for 'bamsopoong' / 'ILLIT' / 'bomb'
[2026-08-02 02:45:17] Cache miss for '#movie Spartacus – The First Law of the Gladiator: "I Am Not Your Enemy"' / 'American Premiere' / 'Chrome'
[2026-08-02 02:45:21] No ranked MusicBrainz release for '#movie Spartacus – The First Law of the Gladiator: "I Am Not Your Enemy"' / 'American Premiere' / 'Chrome'
[2026-08-02 02:45:21] No Cover Art Archive image for '#movie Spartacus – The First Law of the Gladiator: "I Am Not Your Enemy"' / 'American Premiere' / 'Chrome'
[2026-08-02 02:45:21] Saved disk cache: c6615319bf800fd33e15038ee155aa0c4a013920dcf779edbed3be717f67a3a4_210x210.rgb565
[2026-08-02 02:45:21] RGB565 artwork ready for '#movie Spartacus – The First Law of the Gladiator: "I Am Not Your Enemy"' / 'American Premiere': 88200 bytes
[2026-08-02 02:45:39] Immediate memory cache hit for 'POV: You’ve Spent $1,000,000 at Rolex' / 'Atlanta Luxury Bags' / 'Chrome'
[2026-08-02 02:47:19] Immediate memory cache hit for '#movie Spartacus – The First Law of the Gladiator: "I Am Not Your Enemy"' / 'American Premiere' / 'Chrome'
[2026-08-02 02:47:20] Cache miss for 'Who’s Getting Caught ? 🚔 (Bumpstart Only Edition)' / 'AB Moto' / 'Chrome'
[2026-08-02 02:47:22] Cache miss for 'Who’s Getting Caught ? 🚔 (Bumpstart Only Edition)' / 'AB Moto' / 'Chrome'
[2026-08-02 02:47:24] Cache miss for 'Who’s Getting Caught ? 🚔 (Bumpstart Only Edition)' / 'AB Moto' / 'Chrome'
[2026-08-02 02:47:26] Cache miss for 'Who’s Getting Caught ? 🚔 (Bumpstart Only Edition)' / 'AB Moto' / 'Chrome'
[2026-08-02 02:47:28] Cache miss for 'Who’s Getting Caught ? 🚔 (Bumpstart Only Edition)' / 'AB Moto' / 'Chrome'
[2026-08-02 02:47:31] No ranked MusicBrainz release for 'Who’s Getting Caught ? 🚔 (Bumpstart Only Edition)' / 'AB Moto' / 'Chrome'
[2026-08-02 02:47:31] No Cover Art Archive image for 'Who’s Getting Caught ? 🚔 (Bumpstart Only Edition)' / 'AB Moto' / 'Chrome'
[2026-08-02 02:47:31] Saved disk cache: ad8f4f26e005ec522eb8e5ed227e3cd1be148a6911ff3f5896bb78a333c9c5c6_210x210.rgb565
[2026-08-02 02:47:31] RGB565 artwork ready for 'Who’s Getting Caught ? 🚔 (Bumpstart Only Edition)' / 'AB Moto': 88200 bytes
[2026-08-02 02:48:11] Cache miss for 'Cadillac Records (2008)' / 'puppet' / 'Chrome'
[2026-08-02 02:48:13] No ranked MusicBrainz release for 'Cadillac Records (2008)' / 'puppet' / 'Chrome'
[2026-08-02 02:48:13] No Cover Art Archive image for 'Cadillac Records (2008)' / 'puppet' / 'Chrome'
[2026-08-02 02:48:13] Saved disk cache: c24401f18f7e1f479adec25c499e0f70244145bdbac315a5a7e4b4b6f1aa7d45_210x210.rgb565
[2026-08-02 02:48:13] RGB565 artwork ready for 'Cadillac Records (2008)' / 'puppet': 88200 bytes
[2026-08-02 02:48:13] Immediate memory cache hit for 'bamsopoong' / 'ILLIT' / 'bomb'
[2026-08-02 02:48:14] Cache miss for 'Unc’s Wife Did Him Dirty... 😭💔🥀' / 'BluScorn' / 'Chrome'
[2026-08-02 02:48:17] Immediate disk cache hit for 'Memes From The Discord Dumpster' / 'Spicy Chicken Sandwich' / 'Chrome'
[2026-08-02 02:49:17] Cache miss for 'The Greatest Love Story Hidden Inside An Adventure' / 'Goldy Menhennett' / 'Chrome'
[2026-08-02 02:49:20] No ranked MusicBrainz release for 'The Greatest Love Story Hidden Inside An Adventure' / 'Goldy Menhennett' / 'Chrome'
[2026-08-02 02:49:20] No Cover Art Archive image for 'The Greatest Love Story Hidden Inside An Adventure' / 'Goldy Menhennett' / 'Chrome'
[2026-08-02 02:49:20] Saved disk cache: e3b5277f14834eb6c087854ca80e7e6e362dbdd3914cc87a9ec059f1e6eb9231_210x210.rgb565
[2026-08-02 02:49:20] RGB565 artwork ready for 'The Greatest Love Story Hidden Inside An Adventure' / 'Goldy Menhennett': 88200 bytes
[2026-08-02 02:50:03] Cache miss for 'Top 5 UFC Crowd Cam Moments 😂 #shorts #top5' / 'Titan Top 5 🏆' / 'Chrome'
[2026-08-02 02:50:05] No ranked MusicBrainz release for 'Top 5 UFC Crowd Cam Moments 😂 #shorts #top5' / 'Titan Top 5 🏆' / 'Chrome'
[2026-08-02 02:50:05] No Cover Art Archive image for 'Top 5 UFC Crowd Cam Moments 😂 #shorts #top5' / 'Titan Top 5 🏆' / 'Chrome'
[2026-08-02 02:50:05] Saved disk cache: 954300ec46ec45d7fd2a97cb654a7b2fed8ed8aa116288106a79c228e4ed2209_210x210.rgb565
[2026-08-02 02:50:05] RGB565 artwork ready for 'Top 5 UFC Crowd Cam Moments 😂 #shorts #top5' / 'Titan Top 5 🏆': 88200 bytes
[2026-08-02 02:50:07] Cache miss for 'Rami Malek On Sniffing MORPHINE In Mr Robot😂 #ramimalek #mrrobot #funny' / 'FameTalk' / 'Chrome'
[2026-08-02 02:50:09] No ranked MusicBrainz release for 'Rami Malek On Sniffing MORPHINE In Mr Robot😂 #ramimalek #mrrobot #funny' / 'FameTalk' / 'Chrome'
[2026-08-02 02:50:09] No Cover Art Archive image for 'Rami Malek On Sniffing MORPHINE In Mr Robot😂 #ramimalek #mrrobot #funny' / 'FameTalk' / 'Chrome'
[2026-08-02 02:50:09] Saved disk cache: 2c3cb43d0d0e39e3e193660bbdac9293249fdc5d359e6982924eba7c64861330_210x210.rgb565
[2026-08-02 02:50:09] RGB565 artwork ready for 'Rami Malek On Sniffing MORPHINE In Mr Robot😂 #ramimalek #mrrobot #funny' / 'FameTalk': 88200 bytes
[2026-08-02 02:50:13] Immediate memory cache hit for 'Memes From The Discord Dumpster' / 'Spicy Chicken Sandwich' / 'Chrome'
[2026-08-02 02:50:49] Immediate memory cache hit for 'bamsopoong' / 'ILLIT' / 'bomb'
[2026-08-02 02:50:50] Cache miss for 'bro has to be studied 😳' / 'ohnepixel raw' / 'Chrome'
[2026-08-02 02:50:52] No ranked MusicBrainz release for 'bro has to be studied 😳' / 'ohnepixel raw' / 'Chrome'
[2026-08-02 02:50:52] No Cover Art Archive image for 'bro has to be studied 😳' / 'ohnepixel raw' / 'Chrome'
[2026-08-02 02:50:52] Saved disk cache: a6b82fca7ff201e3052bfb6732df3b216710ac7c54cff4bb7158057f571a1466_210x210.rgb565
[2026-08-02 02:50:52] RGB565 artwork ready for 'bro has to be studied 😳' / 'ohnepixel raw': 88200 bytes
[2026-08-02 02:53:05] Cache miss for 'Watches That I Got Compliments On' / 'Brad_Podray' / 'Chrome'
[2026-08-02 02:53:07] No ranked MusicBrainz release for 'Watches That I Got Compliments On' / 'Brad_Podray' / 'Chrome'
[2026-08-02 02:53:07] No Cover Art Archive image for 'Watches That I Got Compliments On' / 'Brad_Podray' / 'Chrome'
[2026-08-02 02:53:07] Saved disk cache: cb97b424cb0abb57add5a753b225c62914d9a0b30275fae98c9176600f1ab63e_210x210.rgb565
[2026-08-02 02:53:07] RGB565 artwork ready for 'Watches That I Got Compliments On' / 'Brad_Podray': 88200 bytes
[2026-08-02 02:53:34] Immediate memory cache hit for 'bamsopoong' / 'ILLIT' / 'bomb'
[2026-08-02 02:53:35] Immediate memory cache hit for 'Watches That Strangers Almost Always Ask About' / 'Brad_Podray' / 'Chrome'
[2026-08-02 02:54:42] Cache miss for 'This may be the most practical use of superpowers in a movie 💀' / 'Movie Moments' / 'Chrome'
[2026-08-02 02:54:44] No ranked MusicBrainz release for 'This may be the most practical use of superpowers in a movie 💀' / 'Movie Moments' / 'Chrome'
[2026-08-02 02:54:44] No Cover Art Archive image for 'This may be the most practical use of superpowers in a movie 💀' / 'Movie Moments' / 'Chrome'
[2026-08-02 02:54:44] Saved disk cache: 4b5a9d4b9b360d6f859b9cd9756e9f9e63b4fcd8bc31bacc417c985da6984664_210x210.rgb565
[2026-08-02 02:54:44] RGB565 artwork ready for 'This may be the most practical use of superpowers in a movie 💀' / 'Movie Moments': 88200 bytes
[2026-08-02 02:55:02] Immediate memory cache hit for 'bamsopoong' / 'ILLIT' / 'bomb'
[2026-08-02 02:55:03] Cache miss for 'He really thought the soda was Wireless? 🤣💀 #prank #magic  #thecarbonaroeffect #shorts' / 'Prank Haus' / 'Chrome'
[2026-08-02 02:55:09] No ranked MusicBrainz release for 'He really thought the soda was Wireless? 🤣💀 #prank #magic  #thecarbonaroeffect #shorts' / 'Prank Haus' / 'Chrome'
[2026-08-02 02:55:09] No Cover Art Archive image for 'He really thought the soda was Wireless? 🤣💀 #prank #magic  #thecarbonaroeffect #shorts' / 'Prank Haus' / 'Chrome'
[2026-08-02 02:55:09] Saved disk cache: b06960e94f42d87bc60f7866ee55d8b58e1d8af4204fbe6ee0ceebaea475206f_210x210.rgb565
[2026-08-02 02:55:09] RGB565 artwork ready for 'He really thought the soda was Wireless? 🤣💀 #prank #magic  #thecarbonaroeffect #shorts' / 'Prank Haus': 88200 bytes
[2026-08-02 02:56:09] Cache miss for 'this is what a loop pedal does #trendingmusic #music #fyp' / 'Dreamyy lo-fi' / 'Chrome'
[2026-08-02 02:56:15] No ranked MusicBrainz release for 'this is what a loop pedal does #trendingmusic #music #fyp' / 'Dreamyy lo-fi' / 'Chrome'
[2026-08-02 02:56:15] No Cover Art Archive image for 'this is what a loop pedal does #trendingmusic #music #fyp' / 'Dreamyy lo-fi' / 'Chrome'
[2026-08-02 02:56:15] Saved disk cache: d785192ea21e7a5266a1cc74e5117552f4458ceb446760da00c3ed1637e4ff99_210x210.rgb565
[2026-08-02 02:56:15] RGB565 artwork ready for 'this is what a loop pedal does #trendingmusic #music #fyp' / 'Dreamyy lo-fi': 88200 bytes
[2026-08-02 02:56:54] Immediate memory cache hit for 'He really thought the soda was Wireless? 🤣💀 #prank #magic  #thecarbonaroeffect #shorts' / 'Prank Haus' / 'Chrome'
[2026-08-02 02:57:04] Immediate memory cache hit for 'this is what a loop pedal does #trendingmusic #music #fyp' / 'Dreamyy lo-fi' / 'Chrome'
[2026-08-02 02:57:06] Cache miss for 'Ranking Kachoouww Videos⚡ #cars #epic' / 'Mythic Success' / 'Chrome'
[2026-08-02 02:57:08] No ranked MusicBrainz release for 'Ranking Kachoouww Videos⚡ #cars #epic' / 'Mythic Success' / 'Chrome'
[2026-08-02 02:57:08] No Cover Art Archive image for 'Ranking Kachoouww Videos⚡ #cars #epic' / 'Mythic Success' / 'Chrome'
[2026-08-02 02:57:08] Saved disk cache: 6755d6aec44d7d4a80f1a60a884b1b7c2d77d0ac403eadb9595ca7980e2db148_210x210.rgb565
[2026-08-02 02:57:08] RGB565 artwork ready for 'Ranking Kachoouww Videos⚡ #cars #epic' / 'Mythic Success': 88200 bytes
[2026-08-02 02:57:08] Cache miss for "His IQ isn't high, but his love is 100% 🥰 #shorts" / 'Rareglimpse' / 'Chrome'
[2026-08-02 02:57:15] No ranked MusicBrainz release for "His IQ isn't high, but his love is 100% 🥰 #shorts" / 'Rareglimpse' / 'Chrome'
[2026-08-02 02:57:15] No Cover Art Archive image for "His IQ isn't high, but his love is 100% 🥰 #shorts" / 'Rareglimpse' / 'Chrome'
[2026-08-02 02:57:15] Saved disk cache: 16c3a3e37eca208570c0149feebc1ea09c04cd2110b20d379e752e8b53f7288c_210x210.rgb565
[2026-08-02 02:57:15] RGB565 artwork ready for "His IQ isn't high, but his love is 100% 🥰 #shorts" / 'Rareglimpse': 88200 bytes
[2026-08-02 02:58:03] Immediate memory cache hit for 'bamsopoong' / 'ILLIT' / 'bomb'
[2026-08-02 02:58:05] Cache miss for "Iman's buying a private airplane?!" / 'Iman Gadzhi Motivation' / 'Chrome'
[2026-08-02 02:58:07] No ranked MusicBrainz release for "Iman's buying a private airplane?!" / 'Iman Gadzhi Motivation' / 'Chrome'
[2026-08-02 02:58:07] No Cover Art Archive image for "Iman's buying a private airplane?!" / 'Iman Gadzhi Motivation' / 'Chrome'
[2026-08-02 02:58:07] Saved disk cache: 28e71f0d5d5f3e8c73f671c4b603cd08943d586b22c12b8619096b0799bd790a_210x210.rgb565
[2026-08-02 02:58:07] RGB565 artwork ready for "Iman's buying a private airplane?!" / 'Iman Gadzhi Motivation': 88200 bytes
[2026-08-02 02:59:55] Cache miss for "Truck RUINS Hitchhiker's Day 😢" / 'taintubes' / 'Chrome'
[2026-08-02 02:59:57] No ranked MusicBrainz release for "Truck RUINS Hitchhiker's Day 😢" / 'taintubes' / 'Chrome'
[2026-08-02 02:59:57] No Cover Art Archive image for "Truck RUINS Hitchhiker's Day 😢" / 'taintubes' / 'Chrome'
[2026-08-02 02:59:57] Saved disk cache: f0bcdc6c89f328f263044a3599d0f38b68241aadbc4a34e6981bad346f50e4ba_210x210.rgb565
[2026-08-02 02:59:57] RGB565 artwork ready for "Truck RUINS Hitchhiker's Day 😢" / 'taintubes': 88200 bytes
[2026-08-02 03:00:32] Cache miss for 'Top 5 Try Not To Laugh Moments' / 'More Niko' / 'Chrome'
[2026-08-02 03:00:35] No ranked MusicBrainz release for 'Top 5 Try Not To Laugh Moments' / 'More Niko' / 'Chrome'
[2026-08-02 03:00:35] No Cover Art Archive image for 'Top 5 Try Not To Laugh Moments' / 'More Niko' / 'Chrome'
[2026-08-02 03:00:35] Saved disk cache: 1f83d1ae89254684b9dc860ad87ade0aa4532040ae8d142027e290f45620bdf0_210x210.rgb565
[2026-08-02 03:00:35] RGB565 artwork ready for 'Top 5 Try Not To Laugh Moments' / 'More Niko': 88200 bytes
[2026-08-02 03:00:36] Cache miss for 'Guess the Strangers Race (Mystery Edition)' / 'Barely Friends' / 'Chrome'
[2026-08-02 03:00:39] No ranked MusicBrainz release for 'Guess the Strangers Race (Mystery Edition)' / 'Barely Friends' / 'Chrome'
[2026-08-02 03:00:39] No Cover Art Archive image for 'Guess the Strangers Race (Mystery Edition)' / 'Barely Friends' / 'Chrome'
[2026-08-02 03:00:39] Saved disk cache: 4fc60bb8fa10f8b71c4a5ab1a2dbcdffcb3b8ca1e96494d6e2e028a29d02ccbc_210x210.rgb565
[2026-08-02 03:00:39] RGB565 artwork ready for 'Guess the Strangers Race (Mystery Edition)' / 'Barely Friends': 88200 bytes
[2026-08-02 03:00:50] Immediate memory cache hit for 'bamsopoong' / 'ILLIT' / 'bomb'
[2026-08-02 03:09:22] Chrome tab bridge listening on http://127.0.0.1:8765
[2026-08-02 03:14:08] Chrome tab bridge listening on http://127.0.0.1:8765
[2026-08-02 03:14:09] Cache miss for 'Cherish (My Love) (Fever Remix)' / 'ILLIT' / 'Cherish (My Love) (Remixes)'
[2026-08-02 03:14:10] Best MusicBrainz release: 'Cherish (My Love) (remixes)', album similarity=1.00, score=153.0
[2026-08-02 03:14:12] Cover selected from release 'Cherish (My Love) (remixes)' (7678357a-b253-49b2-b5c3-0fccab778a70)
[2026-08-02 03:14:12] Saved disk cache: 9fff0646c414c088e53701586234f6e4b39caabf3192a5aaec381ece8227e4ef_210x210.rgb565
[2026-08-02 03:14:12] RGB565 artwork ready for 'Cherish (My Love) (Fever Remix)' / 'ILLIT': 88200 bytes
[2026-08-02 03:15:32] Immediate memory cache hit for 'Cherish (My Love) (Sped Up)' / 'ILLIT' / 'Cherish (My Love) (Remixes)'
[2026-08-02 03:15:49] Immediate memory cache hit for 'Cherish (My Love) (Slowed + Reverb)' / 'ILLIT' / 'Cherish (My Love) (Remixes)'
[2026-08-02 03:15:53] Cache miss for "I'll Like You" / 'ILLIT' / "I'LL LIKE YOU"
[2026-08-02 03:15:54] Best MusicBrainz release: "I'LL LIKE YOU", album similarity=1.00, score=153.0
[2026-08-02 03:15:57] Cover selected from release 'I’LL LIKE YOU' (918de30d-2034-4aa8-8bbf-9b17b3e83bcd)
[2026-08-02 03:15:57] Saved disk cache: ae686bfead4438d428970982b841a24309af12a20241f18f7043436eeca86110_210x210.rgb565
[2026-08-02 03:15:57] RGB565 artwork ready for "I'll Like You" / 'ILLIT': 88200 bytes
[2026-08-02 03:18:01] Immediate memory cache hit for 'Cherish (My Love)' / 'ILLIT' / "I'LL LIKE YOU"
[2026-08-02 03:20:59] Immediate memory cache hit for 'IYKYK (If You Know You Know)' / 'ILLIT' / "I'LL LIKE YOU"
[2026-08-02 03:21:23] Immediate disk cache hit for "Find exactly what you're booking for" / 'Booking.com' / "Find exactly what you're booking for"
[2026-08-02 03:21:25] Immediate disk cache hit for 'American Military University' / 'American Military Univ' / 'American Military University'
[2026-08-02 03:21:27] Cache miss for 'Boldy Original' / 'SunnyD' / 'Boldy Original'
[2026-08-02 03:21:29] Immediate memory cache hit for 'Pimple' / 'ILLIT' / "I'LL LIKE YOU"
[2026-08-02 03:21:51] Chrome tab bridge listening on http://127.0.0.1:8765
[2026-08-02 03:21:55] Immediate disk cache hit for 'Pimple' / 'ILLIT' / "I'LL LIKE YOU"
[2026-08-02 03:23:58] Chrome tab bridge listening on http://127.0.0.1:8765
[2026-08-02 03:24:00] Immediate disk cache hit for 'Pimple' / 'ILLIT' / "I'LL LIKE YOU"
[2026-08-02 03:24:10] Immediate memory cache hit for 'Tick-Tack' / 'ILLIT' / "I'LL LIKE YOU"
[2026-08-02 03:28:32] Chrome tab bridge listening on http://127.0.0.1:8765
[2026-08-02 03:28:33] Cache miss for 'Magnetic (Starlight Remix)' / 'ILLIT' / 'Magnetic (Remixes)'
[2026-08-02 03:28:34] Best MusicBrainz release: 'Magnetic (remixes)', album similarity=1.00, score=153.0
[2026-08-02 03:28:36] Cover selected from release 'Magnetic (remixes)' (e0450026-69e9-401e-8714-0365f8f43d88)
[2026-08-02 03:28:36] Saved disk cache: 7605f50b9dc786d43f3cd6da8b9d955f7cfa9cb0819f4a24c40f0c3d41c32e0b_210x210.rgb565
[2026-08-02 03:28:36] RGB565 artwork ready for 'Magnetic (Starlight Remix)' / 'ILLIT': 88200 bytes
[2026-08-02 03:30:53] Immediate memory cache hit for 'Magnetic (City Night Remix)' / 'ILLIT' / 'Magnetic (Remixes)'
[2026-08-02 03:32:36] Cache miss for 'My World (Sped Up)' / 'ILLIT' / 'SUPER REAL ME (Sped Up)'
[2026-08-02 03:32:37] Best MusicBrainz release: 'SUPER REAL ME (sped up)', album similarity=1.00, score=153.0
[2026-08-02 03:32:39] Cover selected from release 'SUPER REAL ME (sped up)' (14e23e14-9afe-4154-94c2-555c270081a2)
[2026-08-02 03:32:40] Saved disk cache: abeb2021cbacd5a0a4c485f6a8335361777b53caafd55f8d1e9ff674c33075d8_210x210.rgb565
[2026-08-02 03:32:40] RGB565 artwork ready for 'My World (Sped Up)' / 'ILLIT': 88200 bytes
[2026-08-02 03:33:55] Immediate memory cache hit for 'Magnetic (Sped Up)' / 'ILLIT' / 'SUPER REAL ME (Sped Up)'
[2026-08-02 03:35:59] Immediate memory cache hit for 'Midnight Fiction (Sped Up)' / 'ILLIT' / 'SUPER REAL ME (Sped Up)'
[2026-08-02 03:36:22] Immediate memory cache hit for 'Lucky Girl Syndrome (Sped Up)' / 'ILLIT' / 'SUPER REAL ME (Sped Up)'
[2026-08-02 03:36:26] Cache miss for 'My World' / 'ILLIT' / 'SUPER REAL ME'
[2026-08-02 03:36:27] Best MusicBrainz release: 'SUPER REAL ME', album similarity=1.00, score=153.0
[2026-08-02 03:36:29] Cover selected from release 'SUPER REAL ME' (271b31f8-8ab6-483c-97d9-8f0fabb2d4f4)
[2026-08-02 03:36:29] Saved disk cache: c804068d70e540290e812d74de72ce2ebbb84d5b87a8f6d1228581088874ec49_210x210.rgb565
[2026-08-02 03:36:29] RGB565 artwork ready for 'My World' / 'ILLIT': 88200 bytes
[2026-08-02 03:38:15] Immediate memory cache hit for 'Magnetic' / 'ILLIT' / 'SUPER REAL ME'
[2026-08-02 11:43:59] Immediate memory cache hit for 'Magnetic' / 'ILLIT' / 'SUPER REAL ME'
[2026-08-02 11:47:00] Chrome tab bridge listening on http://127.0.0.1:8765
[2026-08-02 11:47:02] Immediate disk cache hit for 'Magnetic' / 'ILLIT' / 'SUPER REAL ME'
[2026-08-02 11:48:12] Immediate memory cache hit for 'Midnight Fiction' / 'ILLIT' / 'SUPER REAL ME'
[2026-08-02 11:50:59] Immediate memory cache hit for 'Lucky Girl Syndrome' / 'ILLIT' / 'SUPER REAL ME'
[2026-08-02 11:53:20] Immediate disk cache hit for 'I Got Your Back' / 'ILLIT' / 'I Got Your Back'
[2026-08-02 13:16:30] Immediate disk cache hit for 'Instagram' / 'Chrome' / 'Chrome'
[2026-08-02 13:18:02] Immediate memory cache hit for 'I Got Your Back' / 'ILLIT' / 'I Got Your Back'
[2026-08-02 13:19:07] Immediate memory cache hit for 'Instagram' / 'Chrome' / 'Chrome'
[2026-08-02 13:20:02] Immediate memory cache hit for 'I Got Your Back' / 'ILLIT' / 'I Got Your Back'
[2026-08-02 13:20:51] Immediate memory cache hit for 'Instagram' / 'Chrome' / 'Chrome'
[2026-08-02 13:21:16] Immediate memory cache hit for 'I Got Your Back' / 'ILLIT' / 'I Got Your Back'
[2026-08-02 14:01:04] Chrome tab bridge listening on http://127.0.0.1:8765
[2026-08-02 14:01:05] Cache miss for 'MOTION (feat. Juicy J)' / 'CORTIS, Juicy J' / 'MOTION (feat. Juicy J)'
[2026-08-02 14:01:16] No ranked MusicBrainz release for 'MOTION (feat. Juicy J)' / 'CORTIS, Juicy J' / 'MOTION (feat. Juicy J)'
[2026-08-02 14:01:16] No Cover Art Archive image for 'MOTION (feat. Juicy J)' / 'CORTIS, Juicy J' / 'MOTION (feat. Juicy J)'
[2026-08-02 14:01:16] Saved disk cache: b487fe789a1ed1db6aaf7856dae16cce01981c68043f72adf1883e6ffd2a19d8_210x210.rgb565
[2026-08-02 14:01:16] RGB565 artwork ready for 'MOTION (feat. Juicy J)' / 'CORTIS, Juicy J': 88200 bytes
[2026-08-02 14:01:29] Cache miss for 'TNT' / 'CORTIS' / 'GREENGREEN'
[2026-08-02 14:01:29] Best MusicBrainz release: 'GREENGREEN', album similarity=1.00, score=153.0
[2026-08-02 14:01:31] Cover selected from release 'GREENGREEN' (92d88ea8-ebd4-46bd-bc6c-fc9482a62099)
[2026-08-02 14:01:31] Saved disk cache: 57de7c68c9ddb2521ac4de929a0897205255e43c83740b7b579da49efd35c34d_210x210.rgb565
[2026-08-02 14:01:31] RGB565 artwork ready for 'TNT' / 'CORTIS': 88200 bytes
[2026-08-02 14:03:32] Immediate memory cache hit for 'REDRED' / 'CORTIS' / 'GREENGREEN'
[2026-08-02 14:06:15] Cache miss for 'Stay connected with Cox 300 meg Internet' / 'COX INTERNET' / 'Stay connected with Cox 300 meg Internet'
[2026-08-02 14:06:18] No ranked MusicBrainz release for 'Stay connected with Cox 300 meg Internet' / 'COX INTERNET' / 'Stay connected with Cox 300 meg Internet'
[2026-08-02 14:06:18] No Cover Art Archive image for 'Stay connected with Cox 300 meg Internet' / 'COX INTERNET' / 'Stay connected with Cox 300 meg Internet'
[2026-08-02 14:06:18] Saved disk cache: 5c18087f13b087a218aad58060e9ebf6c7f2e09b7e00b62a3481876aeda0d0e2_210x210.rgb565
[2026-08-02 14:06:18] RGB565 artwork ready for 'Stay connected with Cox 300 meg Internet' / 'COX INTERNET': 88200 bytes
[2026-08-02 14:06:18] Immediate disk cache hit for 'American Military University' / 'American Military Univ' / 'American Military University'
[2026-08-02 14:06:19] Immediate disk cache hit for "Connect like you're home with AT&T." / 'AT&T' / "Connect like you're home with AT&T."
[2026-08-02 14:06:20] Immediate memory cache hit for 'ACAI' / 'CORTIS' / 'GREENGREEN'
[2026-08-02 14:09:14] Immediate memory cache hit for 'YOUNGCREATORCREW' / 'CORTIS' / 'GREENGREEN'
[2026-08-02 14:13:48] Chrome tab bridge listening on http://127.0.0.1:8765
[2026-08-02 14:13:49] Immediate disk cache hit for 'Wassup' / 'CORTIS' / 'GREENGREEN'
[2026-08-02 14:15:05] Immediate memory cache hit for 'Blue Lips' / 'CORTIS' / 'GREENGREEN'
[2026-08-02 14:17:06] Chrome tab bridge listening on http://127.0.0.1:8765
[2026-08-02 14:17:08] Cache miss for 'REDRED' / 'CORTIS' / 'REDRED'
[2026-08-02 14:17:11] Best MusicBrainz release: 'REDRED', album similarity=1.00, score=153.0
[2026-08-02 14:17:13] Cover selected from release 'REDRED' (78ef1993-50d6-412d-a5a5-1879f2a26951)
[2026-08-02 14:17:13] Saved disk cache: 5e23171b1e1156ba36ceade70f5960aff203fc752ed08a837ada378408d79853_210x210.rgb565
[2026-08-02 14:17:13] RGB565 artwork ready for 'REDRED' / 'CORTIS': 88200 bytes
[2026-08-02 14:19:05] Cache miss for 'Mention Me - From The Movie "GOAT"' / 'CORTIS' / 'Mention Me (From The Movie "GOAT")'
[2026-08-02 14:19:08] No ranked MusicBrainz release for 'Mention Me - From The Movie "GOAT"' / 'CORTIS' / 'Mention Me (From The Movie "GOAT")'
[2026-08-02 14:19:08] No Cover Art Archive image for 'Mention Me - From The Movie "GOAT"' / 'CORTIS' / 'Mention Me (From The Movie "GOAT")'
[2026-08-02 14:19:08] Saved disk cache: 762503e4641dadb00ed4f7054c29d1c70eb49765cbcf94f87064239ad2e4a623_210x210.rgb565
[2026-08-02 14:19:08] RGB565 artwork ready for 'Mention Me - From The Movie "GOAT"' / 'CORTIS': 88200 bytes
[2026-08-02 14:19:26] Cache miss for 'GO!' / 'CORTIS' / 'COLOR OUTSIDE THE LINES'
[2026-08-02 14:19:27] Best MusicBrainz release: 'COLOR OUTSIDE THE LINES', album similarity=1.00, score=153.0
[2026-08-02 14:19:29] Cover selected from release 'COLOR OUTSIDE THE LINES' (e4c40618-dd56-4fe3-96b9-a683b6f8b629)
[2026-08-02 14:19:29] Saved disk cache: 9e4936fb769b22ee6f2a753da02d6ee0bd82359142f6c21bcd2c7487cf610dc6_210x210.rgb565
[2026-08-02 14:19:29] RGB565 artwork ready for 'GO!' / 'CORTIS': 88200 bytes
[2026-08-02 14:22:17] Cache miss for 'Everything you need to stay a step ahead' / 'COX INTERNET' / 'Everything you need to stay a step ahead'
[2026-08-02 14:22:20] Cache miss for 'Prenuvo' / 'Prenuvo' / 'Prenuvo'
[2026-08-02 14:22:22] No ranked MusicBrainz release for 'Prenuvo' / 'Prenuvo' / 'Prenuvo'
[2026-08-02 14:22:22] No Cover Art Archive image for 'Prenuvo' / 'Prenuvo' / 'Prenuvo'
[2026-08-02 14:22:22] Saved disk cache: 860688b62751d0f48e6b21ccd233fad217b8a2dd896104890f7b94000db9e239_210x210.rgb565
[2026-08-02 14:22:22] RGB565 artwork ready for 'Prenuvo' / 'Prenuvo': 88200 bytes
[2026-08-02 14:22:22] Immediate disk cache hit for 'A nutritious pick-me-up' / 'Zespri Kiwifruit' / 'A nutritious pick-me-up'
[2026-08-02 14:22:24] Immediate memory cache hit for 'What You Want' / 'CORTIS' / 'COLOR OUTSIDE THE LINES'
[2026-08-02 14:25:38] Immediate memory cache hit for 'FaSHioN' / 'CORTIS' / 'COLOR OUTSIDE THE LINES'
[2026-08-02 14:28:43] Immediate memory cache hit for 'JoyRide' / 'CORTIS' / 'COLOR OUTSIDE THE LINES'
[2026-08-02 14:31:22] Immediate memory cache hit for 'Lullaby' / 'CORTIS' / 'COLOR OUTSIDE THE LINES'
[2026-08-02 14:31:44] Immediate disk cache hit for 'Instagram' / 'Chrome' / 'Chrome'
[2026-08-02 14:32:38] Immediate memory cache hit for 'Lullaby' / 'CORTIS' / 'COLOR OUTSIDE THE LINES'
[2026-08-02 14:34:05] Chrome tab bridge listening on http://127.0.0.1:8765
[2026-08-02 14:34:09] Immediate disk cache hit for 'Lullaby' / 'CORTIS' / 'COLOR OUTSIDE THE LINES'
[2026-08-02 14:35:07] Cache miss for 'Catch Catch' / 'YENA' / 'LOVE CATCHER'
[2026-08-02 14:35:21] Cache miss for 'Catch Catch' / 'YENA' / 'LOVE CATCHER'
[2026-08-02 14:35:24] Best MusicBrainz release: 'Catch Catch (Chinese ver.)', album similarity=0.46, score=102.3
[2026-08-02 14:35:26] Cover selected from release group 'Catch Catch (Chinese ver.)' (bbd1c2d5-717a-498a-9332-23b8ed16e531)
[2026-08-02 14:35:26] Saved disk cache: a38ee0ae7fcd9f4ea94ecf325e0801f212067bb4179d7aeba396006154216ee8_210x210.rgb565
[2026-08-02 14:35:26] RGB565 artwork ready for 'Catch Catch' / 'YENA': 88200 bytes
[2026-08-02 14:38:07] Immediate disk cache hit for 'Stay connected with Cox 300 meg Internet' / 'COX INTERNET' / 'Stay connected with Cox 300 meg Internet'
[2026-08-02 14:38:09] Cache miss for 'Listen to music, ad-free.' / 'Spotify' / 'Listen to music, ad-free.'
[2026-08-02 14:38:12] No ranked MusicBrainz release for 'Listen to music, ad-free.' / 'Spotify' / 'Listen to music, ad-free.'
[2026-08-02 14:38:12] No Cover Art Archive image for 'Listen to music, ad-free.' / 'Spotify' / 'Listen to music, ad-free.'
[2026-08-02 14:38:12] Saved disk cache: d8e4569c95d397bc0d17ef68043399e01d701d81a32dbe9ee63eb19d192c4390_210x210.rgb565
[2026-08-02 14:38:12] RGB565 artwork ready for 'Listen to music, ad-free.' / 'Spotify': 88200 bytes
[2026-08-02 14:38:12] Cache miss for 'Sugar' / 'YENA' / 'NEMONEMO'
[2026-08-02 14:38:50] Chrome tab bridge listening on http://127.0.0.1:8765
[2026-08-02 14:38:53] Cache miss for 'Sugar' / 'YENA' / 'NEMONEMO'
[2026-08-02 14:38:56] No ranked MusicBrainz release for 'Sugar' / 'YENA' / 'NEMONEMO'
[2026-08-02 14:38:56] No Cover Art Archive image for 'Sugar' / 'YENA' / 'NEMONEMO'
[2026-08-02 14:38:56] Saved disk cache: 4eb2e98f313473d2459f050a7c99d5c1a2f87fc884cf40dd05e035343de932a2_210x210.rgb565
[2026-08-02 14:38:56] RGB565 artwork ready for 'Sugar' / 'YENA': 88200 bytes
[2026-08-02 14:40:58] Immediate memory cache hit for 'NEMONEMO' / 'YENA' / 'NEMONEMO'
[2026-08-02 14:43:56] Immediate disk cache hit for 'What You Want (feat. Teezo Touchdown)' / 'CORTIS' / 'COLOR OUTSIDE THE LINES'
[2026-08-02 14:47:11] Cache miss for 'What You Want (feat. Teezo Touchdown)' / 'CORTIS' / 'What You Want (feat. Teezo Touchdown)'
[2026-08-02 14:47:14] No ranked MusicBrainz release for 'What You Want (feat. Teezo Touchdown)' / 'CORTIS' / 'What You Want (feat. Teezo Touchdown)'
[2026-08-02 14:47:14] No Cover Art Archive image for 'What You Want (feat. Teezo Touchdown)' / 'CORTIS' / 'What You Want (feat. Teezo Touchdown)'
[2026-08-02 14:47:14] Saved disk cache: 3a1b3339e0143587f4f3676c6908be8349f0e5611ca5ea6aed5897ac79f15cf3_210x210.rgb565
[2026-08-02 14:47:14] RGB565 artwork ready for 'What You Want (feat. Teezo Touchdown)' / 'CORTIS': 88200 bytes
[2026-08-02 14:48:09] Cache miss for 'What You Want' / 'CORTIS' / 'What You Want'
[2026-08-02 14:48:11] Cache miss for 'What You Want' / 'CORTIS' / 'What You Want'
[2026-08-02 14:48:13] Cache miss for 'What You Want' / 'CORTIS' / 'What You Want'
[2026-08-02 14:48:15] Cache miss for 'What You Want' / 'CORTIS' / 'What You Want'
[2026-08-02 14:48:16] Best MusicBrainz release: 'What You Want', album similarity=1.00, score=153.0
[2026-08-02 14:48:19] Cover selected from release 'What You Want' (a9bfa64a-5d8e-4233-93b7-263e50a22faf)
[2026-08-02 14:48:19] Saved disk cache: cd7e6d37f1cc688c5d66913fd52353bbfeabb5d4fe3050f250d4c1e3d809d2ed_210x210.rgb565
[2026-08-02 14:48:19] RGB565 artwork ready for 'What You Want' / 'CORTIS': 88200 bytes
[2026-08-02 14:48:46] Cache miss for 'Battle Ground - (Korean Version)' / 'Spotify' / 'SKZ-REPLAY 2026 Pt.1'
[2026-08-02 14:48:49] Cache miss for 'Roman Empire' / 'Bang Chan' / 'SKZ-REPLAY 2026 Pt.1'
[2026-08-02 14:48:51] Best MusicBrainz release: 'SKZ-REPLAY 2026 Pt.1', album similarity=1.00, score=145.1
[2026-08-02 14:48:53] Cover selected from release 'SKZ-REPLAY 2026 Pt.1' (729beb45-1c4c-4da9-816a-fc4007ff7507)
[2026-08-02 14:48:53] Saved disk cache: 5cd4ef465e9e44b7aa1aedcc8b937939707167595968eab1e8b6615ecf95d00a_210x210.rgb565
[2026-08-02 14:48:53] RGB565 artwork ready for 'Roman Empire' / 'Bang Chan': 88200 bytes
[2026-08-02 14:51:36] Immediate disk cache hit for 'Listen to music, ad-free.' / 'Spotify' / 'Listen to music, ad-free.'
[2026-08-02 14:51:38] Cache miss for 'LOVER' / 'Hyunjin' / 'SKZ-REPLAY 2026 Pt.1'
[2026-08-02 14:51:39] Best MusicBrainz release: 'SKZ-REPLAY 2026 Pt.1', album similarity=1.00, score=145.4
[2026-08-02 14:51:41] Cover selected from release 'SKZ-REPLAY 2026 Pt.1' (729beb45-1c4c-4da9-816a-fc4007ff7507)
[2026-08-02 14:51:41] Saved disk cache: 447676c8fc71610e5f109025f73bc60526c393e57c6f4013bf8f3aef5554252c_210x210.rgb565
[2026-08-02 14:51:41] RGB565 artwork ready for 'LOVER' / 'Hyunjin': 88200 bytes
[2026-08-02 14:54:41] Cache miss for 'Raining stars' / 'HAN' / 'SKZ-REPLAY 2026 Pt.1'
[2026-08-02 14:54:43] Cache miss for 'Raining stars' / 'HAN' / 'SKZ-REPLAY 2026 Pt.1'
[2026-08-02 14:54:45] Cache miss for 'Raining stars' / 'HAN' / 'SKZ-REPLAY 2026 Pt.1'
[2026-08-02 14:54:47] Cache miss for 'Raining stars' / 'HAN' / 'SKZ-REPLAY 2026 Pt.1'
[2026-08-02 14:54:49] Cache miss for 'Raining stars' / 'HAN' / 'SKZ-REPLAY 2026 Pt.1'
[2026-08-02 14:54:51] Cache miss for 'Raining stars' / 'HAN' / 'SKZ-REPLAY 2026 Pt.1'
[2026-08-02 14:54:53] Cache miss for 'Raining stars' / 'HAN' / 'SKZ-REPLAY 2026 Pt.1'
[2026-08-02 14:54:56] Cache miss for 'Raining stars' / 'HAN' / 'SKZ-REPLAY 2026 Pt.1'
[2026-08-02 14:54:58] No ranked MusicBrainz release for 'Raining stars' / 'HAN' / 'SKZ-REPLAY 2026 Pt.1'
[2026-08-02 14:54:58] No Cover Art Archive image for 'Raining stars' / 'HAN' / 'SKZ-REPLAY 2026 Pt.1'
[2026-08-02 14:54:58] Saved disk cache: 63957eabccd9c9098d92eedca58c43fb4389c24abb615fdc3ec99ef401e87fc8_210x210.rgb565
[2026-08-02 14:54:58] RGB565 artwork ready for 'Raining stars' / 'HAN': 88200 bytes
[2026-08-02 14:58:14] Cache miss for 'The Little Things' / 'I.N' / 'SKZ-REPLAY 2026 Pt.1'
[2026-08-02 14:58:15] Best MusicBrainz release: 'SKZ-REPLAY 2026 Pt.1', album similarity=1.00, score=144.5
[2026-08-02 14:58:16] Cover selected from release 'SKZ-REPLAY 2026 Pt.1' (729beb45-1c4c-4da9-816a-fc4007ff7507)
[2026-08-02 14:58:16] Saved disk cache: 96fecfd1e3f733e6c61fa404a77187854e166c0a8e8f0fe78f24ba8b1e8d50c7_210x210.rgb565
[2026-08-02 14:58:16] RGB565 artwork ready for 'The Little Things' / 'I.N': 88200 bytes
[2026-08-02 14:58:25] Immediate disk cache hit for 'Catch Catch' / 'YENA' / 'LOVE CATCHER'
[2026-08-02 14:58:56] Cache miss for 'Goodbye' / 'Seungmin' / 'SKZ-REPLAY 2026 Pt.1'
[2026-08-02 14:58:58] Cache miss for 'Goodbye' / 'Seungmin' / 'SKZ-REPLAY 2026 Pt.1'
[2026-08-02 14:59:00] Cache miss for 'Goodbye' / 'Seungmin' / 'SKZ-REPLAY 2026 Pt.1'
[2026-08-02 14:59:02] Cache miss for 'Goodbye' / 'Seungmin' / 'SKZ-REPLAY 2026 Pt.1'
[2026-08-02 14:59:04] Cache miss for 'Goodbye' / 'Seungmin' / 'SKZ-REPLAY 2026 Pt.1'
[2026-08-02 14:59:06] Cache miss for 'Goodbye' / 'Seungmin' / 'SKZ-REPLAY 2026 Pt.1'
[2026-08-02 14:59:06] Best MusicBrainz release: 'SKZ-REPLAY 2026 Pt.1', album similarity=1.00, score=145.2
[2026-08-02 14:59:09] Cover selected from release 'SKZ-REPLAY 2026 Pt.1' (729beb45-1c4c-4da9-816a-fc4007ff7507)
[2026-08-02 14:59:09] Saved disk cache: 588a1c583da16501e8e4c108d269ccad3ec5a88d9b4fdb54792bb1a0a0ad0259_210x210.rgb565
[2026-08-02 14:59:09] RGB565 artwork ready for 'Goodbye' / 'Seungmin': 88200 bytes
[2026-08-02 15:02:33] Immediate memory cache hit for 'Still here' / 'Seungmin' / 'SKZ-REPLAY 2026 Pt.1'
[2026-08-02 15:05:36] Immediate memory cache hit for 'Into The Current' / 'Seungmin' / 'SKZ-REPLAY 2026 Pt.1'
[2026-08-02 15:59:53] Immediate disk cache hit for 'Stories • Instagram' / 'Chrome' / 'Chrome'
[2026-08-02 16:05:05] Immediate memory cache hit for 'Into The Current' / 'Seungmin' / 'SKZ-REPLAY 2026 Pt.1'
[2026-08-02 16:06:24] Immediate memory cache hit for 'Stories • Instagram' / 'Chrome' / 'Chrome'
[2026-08-02 16:06:46] Immediate memory cache hit for 'Into The Current' / 'Seungmin' / 'SKZ-REPLAY 2026 Pt.1'
[2026-08-02 16:07:43] Immediate memory cache hit for 'Stories • Instagram' / 'Chrome' / 'Chrome'
[2026-08-02 16:07:57] Immediate memory cache hit for 'Into The Current' / 'Seungmin' / 'SKZ-REPLAY 2026 Pt.1'
[2026-08-02 16:08:41] Immediate memory cache hit for 'Stories • Instagram' / 'Chrome' / 'Chrome'
[2026-08-02 16:08:56] Immediate memory cache hit for 'Into The Current' / 'Seungmin' / 'SKZ-REPLAY 2026 Pt.1'
[2026-08-02 16:14:36] Chrome tab bridge listening on http://127.0.0.1:8765
[2026-08-02 16:14:37] Immediate disk cache hit for 'Into The Current' / 'Seungmin' / 'SKZ-REPLAY 2026 Pt.1'
[2026-08-02 17:14:50] Chrome tab bridge listening on http://127.0.0.1:8765
[2026-08-02 17:14:51] Immediate disk cache hit for 'Into The Current' / 'Seungmin' / 'SKZ-REPLAY 2026 Pt.1'
[2026-08-02 17:15:02] Immediate disk cache hit for 'MIC&BRUSH' / 'Hyunjin' / 'SKZ-REPLAY 2026 Pt.1'
[2026-08-02 17:15:19] Immediate disk cache hit for 'How To Crochet - Easy Beginners Amigurumi Whale Tutorial | Low Sew' / 'Knit Grit' / 'Chrome'
[2026-08-02 17:15:36] Immediate memory cache hit for 'MIC&BRUSH' / 'Hyunjin' / 'SKZ-REPLAY 2026 Pt.1'
[2026-08-02 17:17:27] Immediate memory cache hit for 'PERFUME' / 'Seungmin' / 'SKZ-REPLAY 2026 Pt.1'
[2026-08-02 17:19:30] Immediate disk cache hit for 'BABY' / 'Bang Chan' / 'SKZ-REPLAY 2026 Pt.1'
[2026-08-02 17:21:30] Immediate disk cache hit for 'Don’t Say' / 'HAN' / 'SKZ-REPLAY 2026 Pt.1'
[2026-08-02 17:22:48] Immediate memory cache hit for 'BABY' / 'Bang Chan' / 'SKZ-REPLAY 2026 Pt.1'
[2026-08-02 17:24:48] Immediate memory cache hit for 'Don’t Say' / 'HAN' / 'SKZ-REPLAY 2026 Pt.1'
[2026-08-02 17:26:50] Cache miss for 'My Name' / 'Changbin' / 'SKZ-REPLAY 2026 Pt.1'
[2026-08-02 17:26:57] Best MusicBrainz release: 'SKZ-REPLAY 2026 Pt.1', album similarity=1.00, score=145.2
[2026-08-02 17:26:59] Cover selected from release 'SKZ-REPLAY 2026 Pt.1' (729beb45-1c4c-4da9-816a-fc4007ff7507)
[2026-08-02 17:26:59] Saved disk cache: 30b9eebf81dc16b0c2155e200edb095a6e1f978583b2eada0654d43d9abd6967_210x210.rgb565
[2026-08-02 17:26:59] RGB565 artwork ready for 'My Name' / 'Changbin': 88200 bytes
[2026-08-02 17:28:25] Cache miss for 'REV IT UP' / 'Felix' / 'SKZ-REPLAY 2026 Pt.1'
[2026-08-02 17:28:25] Best MusicBrainz release: 'SKZ-REPLAY 2026 Pt.1', album similarity=1.00, score=144.3
[2026-08-02 17:28:27] Cover selected from release 'SKZ-REPLAY 2026 Pt.1' (729beb45-1c4c-4da9-816a-fc4007ff7507)
[2026-08-02 17:28:27] Saved disk cache: 0a3e5a0ed055809a44d318cc8396f6f051be38dd26f705e23fd325b5ea765a8f_210x210.rgb565
[2026-08-02 17:28:27] RGB565 artwork ready for 'REV IT UP' / 'Felix': 88200 bytes
[2026-08-02 17:30:18] Cache miss for 'Everything you need to stay a step ahead' / 'COX INTERNET' / 'Everything you need to stay a step ahead'
[2026-08-02 17:30:20] No ranked MusicBrainz release for 'Everything you need to stay a step ahead' / 'COX INTERNET' / 'Everything you need to stay a step ahead'
[2026-08-02 17:30:20] No Cover Art Archive image for 'Everything you need to stay a step ahead' / 'COX INTERNET' / 'Everything you need to stay a step ahead'
[2026-08-02 17:30:20] Saved disk cache: 9c760d146ed240ec905e2aafdcf8e8393037b241a088d234b95d2e315a5951ad_210x210.rgb565
[2026-08-02 17:30:20] RGB565 artwork ready for 'Everything you need to stay a step ahead' / 'COX INTERNET': 88200 bytes
[2026-08-02 17:30:20] Immediate disk cache hit for "Connect like you're home with AT&T." / 'AT&T' / "Connect like you're home with AT&T."
[2026-08-02 17:30:21] Cache miss for 'More info at BetterHelp.com' / 'BetterHelp' / 'More info at BetterHelp.com'
[2026-08-02 17:30:23] No ranked MusicBrainz release for 'More info at BetterHelp.com' / 'BetterHelp' / 'More info at BetterHelp.com'
[2026-08-02 17:30:23] No Cover Art Archive image for 'More info at BetterHelp.com' / 'BetterHelp' / 'More info at BetterHelp.com'
[2026-08-02 17:30:23] Saved disk cache: cd7d0180eaa8387cd3176dc6ecf0fe75dada1a094ad3b16490dd49df4b1eb134_210x210.rgb565
[2026-08-02 17:30:23] RGB565 artwork ready for 'More info at BetterHelp.com' / 'BetterHelp': 88200 bytes
[2026-08-02 17:30:24] Cache miss for 'Limbo - (Live)' / 'Lee Know' / 'SKZ-REPLAY 2026 Pt.1'
[2026-08-02 17:30:27] No ranked MusicBrainz release for 'Limbo - (Live)' / 'Lee Know' / 'SKZ-REPLAY 2026 Pt.1'
[2026-08-02 17:30:27] No Cover Art Archive image for 'Limbo - (Live)' / 'Lee Know' / 'SKZ-REPLAY 2026 Pt.1'
[2026-08-02 17:30:27] Saved disk cache: ceb76b27620bb4836cbd356dda7fcfe3ddc867c2ffe350fc6517999a39810f4f_210x210.rgb565
[2026-08-02 17:30:27] RGB565 artwork ready for 'Limbo - (Live)' / 'Lee Know': 88200 bytes
[2026-08-02 17:32:42] Immediate disk cache hit for 'Hug Me - (Live)' / 'I.N' / 'SKZ-REPLAY 2026 Pt.1'
[2026-08-02 17:35:43] Cache miss for 'STAY' / 'Stray Kids' / 'SKZ-REPLAY 2026 Pt.1'
[2026-08-02 17:35:45] Cache miss for 'STAY' / 'Stray Kids' / 'SKZ-REPLAY 2026 Pt.1'
[2026-08-02 17:35:46] Best MusicBrainz release: 'SKZ-REPLAY 2026 Pt.1', album similarity=1.00, score=153.0
[2026-08-02 17:35:47] Cover selected from release 'SKZ-REPLAY 2026 Pt.1' (729beb45-1c4c-4da9-816a-fc4007ff7507)
[2026-08-02 17:35:47] Saved disk cache: 382213ec7cf11ad2d1ce8bbe32601a55fe37fa071720d6552425e5212bd9a19d_210x210.rgb565
[2026-08-02 17:35:47] RGB565 artwork ready for 'STAY' / 'Stray Kids': 88200 bytes
[2026-08-02 17:45:08] Immediate disk cache hit for 'Stories • Instagram' / 'Chrome' / 'Chrome'
[2026-08-02 17:46:26] Immediate memory cache hit for 'STAY' / 'Stray Kids' / 'SKZ-REPLAY 2026 Pt.1'
[2026-08-02 17:47:38] Immediate disk cache hit for 'She Jump Scared Herself' / 'Daily Dose Of Internet' / 'Chrome'
[2026-08-02 18:11:33] Immediate memory cache hit for 'STAY' / 'Stray Kids' / 'SKZ-REPLAY 2026 Pt.1'
[2026-08-02 18:33:02] Cache miss for 'RUN IT' / 'Stray Kids' / 'RUN IT'
[2026-08-02 18:33:03] Best MusicBrainz release: 'RUN IT', album similarity=1.00, score=153.0
[2026-08-02 18:33:04] Cover selected from release 'RUN IT' (447c4395-8654-4217-8302-e9101e012bda)
[2026-08-02 18:33:04] Saved disk cache: ae847d87dc99ec471c9635f9f571257807627570b042d39aded7400b57f1a439_210x210.rgb565
[2026-08-02 18:33:04] RGB565 artwork ready for 'RUN IT' / 'Stray Kids': 88200 bytes
[2026-08-02 18:39:22] Chrome tab bridge listening on http://127.0.0.1:8765
[2026-08-02 18:39:24] Cache miss for 'STAY' / 'Stray Kids' / 'STAY'
[2026-08-02 18:39:24] Best MusicBrainz release: 'STAY', album similarity=1.00, score=153.0
[2026-08-02 18:39:26] Cover selected from release 'STAY' (6ca6183f-5eb7-45fe-bb77-c09a7668d49c)
[2026-08-02 18:39:26] Saved disk cache: 9f742ecfbe2d6ee04f796fc42ff054247784d7b344bacb4259f993a22cb9f609_210x210.rgb565
[2026-08-02 18:39:26] RGB565 artwork ready for 'STAY' / 'Stray Kids': 88200 bytes
[2026-08-02 18:39:37] Immediate disk cache hit for 'Stay connected with Cox 300 meg Internet' / 'COX INTERNET' / 'Stay connected with Cox 300 meg Internet'
[2026-08-02 18:39:40] Immediate disk cache hit for 'Listen to music, ad-free.' / 'Spotify' / 'Listen to music, ad-free.'
[2026-08-02 18:39:43] Cache miss for 'Endless Sun' / 'Stray Kids' / 'Endless Sun'
[2026-08-02 18:39:44] Best MusicBrainz release: 'Endless Sun', album similarity=1.00, score=153.0
[2026-08-02 18:39:45] Cover selected from release 'Endless Sun' (5625d77f-d220-42bf-8617-91856a50f751)
[2026-08-02 18:39:45] Saved disk cache: 1980d3e8b8398f9fca138799bccca5a584d6cda0ebfaf1995e1fcbd91fd2a96e_210x210.rgb565
[2026-08-02 18:39:45] RGB565 artwork ready for 'Endless Sun' / 'Stray Kids': 88200 bytes
[2026-08-02 18:42:20] Cache miss for 'Do It' / 'Stray Kids' / 'Do It (Remixes)'
[2026-08-02 18:42:22] Cache miss for 'Do It' / 'Stray Kids' / 'Do It (Remixes)'
[2026-08-02 18:42:24] Cache miss for 'Do It' / 'Stray Kids' / 'Do It (Remixes)'
[2026-08-02 18:42:26] Cache miss for 'Do It' / 'Stray Kids' / 'Do It (Remixes)'
[2026-08-02 18:42:28] Cache miss for 'Do It' / 'Stray Kids' / 'Do It (Remixes)'
[2026-08-02 18:42:30] Cache miss for 'Do It' / 'Stray Kids' / 'Do It (Remixes)'
[2026-08-02 18:42:32] Cache miss for 'Do It' / 'Stray Kids' / 'Do It (Remixes)'
[2026-08-02 18:42:34] Cache miss for 'Do It' / 'Stray Kids' / 'Do It (Remixes)'
[2026-08-02 18:42:36] Cache miss for 'Do It' / 'Stray Kids' / 'Do It (Remixes)'
[2026-08-02 18:42:38] Cache miss for 'Do It' / 'Stray Kids' / 'Do It (Remixes)'
[2026-08-02 18:42:40] Cache miss for 'Do It' / 'Stray Kids' / 'Do It (Remixes)'
[2026-08-02 18:42:42] Cache miss for 'Do It' / 'Stray Kids' / 'Do It (Remixes)'
[2026-08-02 18:42:44] Cache miss for 'Do It' / 'Stray Kids' / 'Do It (Remixes)'
[2026-08-02 18:42:46] Cache miss for 'Do It' / 'Stray Kids' / 'Do It (Remixes)'
[2026-08-02 18:42:48] Cache miss for 'Do It' / 'Stray Kids' / 'Do It (Remixes)'
[2026-08-02 18:42:50] Cache miss for 'Do It' / 'Stray Kids' / 'Do It (Remixes)'
[2026-08-02 18:42:52] Cache miss for 'Do It' / 'Stray Kids' / 'Do It (Remixes)'
[2026-08-02 18:42:54] Cache miss for 'Do It' / 'Stray Kids' / 'Do It (Remixes)'
[2026-08-02 18:42:56] Cache miss for 'Do It' / 'Stray Kids' / 'Do It (Remixes)'
[2026-08-02 18:42:58] Cache miss for 'Do It' / 'Stray Kids' / 'Do It (Remixes)'
[2026-08-02 18:43:00] Cache miss for 'Do It' / 'Stray Kids' / 'Do It (Remixes)'
[2026-08-02 18:43:02] Cache miss for 'Do It' / 'Stray Kids' / 'Do It (Remixes)'
[2026-08-02 18:43:04] Cache miss for 'Do It' / 'Stray Kids' / 'Do It (Remixes)'
[2026-08-02 18:43:06] Cache miss for 'Do It' / 'Stray Kids' / 'Do It (Remixes)'
[2026-08-02 18:43:08] Cache miss for 'Do It' / 'Stray Kids' / 'Do It (Remixes)'
[2026-08-02 18:43:10] Cache miss for 'Do It' / 'Stray Kids' / 'Do It (Remixes)'
[2026-08-02 18:43:12] Cache miss for 'Do It' / 'Stray Kids' / 'Do It (Remixes)'
[2026-08-02 18:43:14] Cache miss for 'Do It' / 'Stray Kids' / 'Do It (Remixes)'
[2026-08-02 18:43:15] Best MusicBrainz release: 'Do It (Remixes)', album similarity=1.00, score=153.0
[2026-08-02 18:43:17] Cover selected from release 'Do It (Remixes)' (a4cdf827-f174-4f8e-b3b6-9def29803835)
[2026-08-02 18:43:17] Saved disk cache: 124b5f3cdd94d0c8f59a5c91849987eef58c27a7135d731c7ae57f1ddf386441_210x210.rgb565
[2026-08-02 18:43:17] RGB565 artwork ready for 'Do It' / 'Stray Kids': 88200 bytes
[2026-08-02 18:44:59] Immediate memory cache hit for 'Do It (Overdrive Version)' / 'Stray Kids' / 'Do It (Remixes)'
[2026-08-02 18:47:37] Immediate memory cache hit for 'Do It (Turbo Version)' / 'Stray Kids' / 'Do It (Remixes)'
[2026-08-02 18:49:50] Immediate memory cache hit for 'Do It (Sped Up)' / 'Stray Kids' / 'Do It (Remixes)'
[2026-08-02 18:50:06] Cache miss for 'Do It' / 'Stray Kids' / 'DO IT'
[2026-08-02 18:50:07] Best MusicBrainz release: 'DO IT', album similarity=1.00, score=153.0
[2026-08-02 18:50:09] Cover selected from release 'DO IT' (9e6fdd81-9b88-4726-b59b-e0e266700165)
[2026-08-02 18:50:09] Saved disk cache: 26c37b84939ae0d97ef72d11752325aa25ba4fb3e02e2b2dc5699aa238bfb32f_210x210.rgb565
[2026-08-02 18:50:09] RGB565 artwork ready for 'Do It' / 'Stray Kids': 88200 bytes
[2026-08-02 18:50:09] Immediate memory cache hit for 'DIVINE' / 'Stray Kids' / 'DO IT'
[2026-08-02 18:53:15] Immediate memory cache hit for 'Listen to music, ad-free.' / 'Spotify' / 'Listen to music, ad-free.'
[2026-08-02 18:53:17] Immediate memory cache hit for 'Holiday' / 'Stray Kids' / 'DO IT'
[2026-08-02 18:56:24] Immediate memory cache hit for 'Photobook' / 'Stray Kids' / 'DO IT'
[2026-08-02 19:03:39] Chrome tab bridge listening on http://127.0.0.1:8765
[2026-08-02 19:05:15] Chrome tab bridge listening on http://127.0.0.1:8765
[2026-08-02 19:17:41] Chrome tab bridge listening on http://127.0.0.1:8765
[2026-08-02 19:17:44] Immediate disk cache hit for 'MIC&BRUSH' / 'Hyunjin' / 'SKZ-REPLAY 2026 Pt.1'
[2026-08-02 19:18:36] Cache miss for 'CEREMONY (Hip Hip Version - English Version)' / 'Stray Kids' / 'CEREMONY (Celebrate Remixes)'
[2026-08-02 19:18:38] Cache miss for 'CEREMONY (Hip Hip Version - English Version)' / 'Stray Kids' / 'CEREMONY (Celebrate Remixes)'
[2026-08-02 19:18:40] Cache miss for 'CEREMONY (Hip Hip Version - English Version)' / 'Stray Kids' / 'CEREMONY (Celebrate Remixes)'
[2026-08-02 19:18:42] Cache miss for 'CEREMONY (Hip Hip Version - English Version)' / 'Stray Kids' / 'CEREMONY (Celebrate Remixes)'
[2026-08-02 19:18:44] Cache miss for 'CEREMONY (Hip Hip Version - English Version)' / 'Stray Kids' / 'CEREMONY (Celebrate Remixes)'
[2026-08-02 19:18:46] Cache miss for 'CEREMONY (Hip Hip Version - English Version)' / 'Stray Kids' / 'CEREMONY (Celebrate Remixes)'
[2026-08-02 19:18:49] Cache miss for 'CEREMONY (Hip Hip Version - English Version)' / 'Stray Kids' / 'CEREMONY (Celebrate Remixes)'
[2026-08-02 19:18:51] No ranked MusicBrainz release for 'CEREMONY (Hip Hip Version - English Version)' / 'Stray Kids' / 'CEREMONY (Celebrate Remixes)'
[2026-08-02 19:18:51] No Cover Art Archive image for 'CEREMONY (Hip Hip Version - English Version)' / 'Stray Kids' / 'CEREMONY (Celebrate Remixes)'
[2026-08-02 19:18:51] Saved disk cache: c50e852771d6d84b937c28b85a8e0181e0b61603ebf07a8fc58f6910304809ef_210x210.rgb565
[2026-08-02 19:18:51] RGB565 artwork ready for 'CEREMONY (Hip Hip Version - English Version)' / 'Stray Kids': 88200 bytes
[2026-08-02 19:18:51] Cache miss for 'BLEEP' / 'Stray Kids' / 'KARMA'
[2026-08-02 19:18:53] Cache miss for 'BLEEP' / 'Stray Kids' / 'KARMA'
[2026-08-02 19:18:55] No ranked MusicBrainz release for 'BLEEP' / 'Stray Kids' / 'KARMA'
[2026-08-02 19:18:55] No Cover Art Archive image for 'BLEEP' / 'Stray Kids' / 'KARMA'
[2026-08-02 19:18:55] Saved disk cache: 59977704f0ce7113023db341deaf5dd90bc6f5161d37959b70dfb43b8a34dc23_210x210.rgb565
[2026-08-02 19:18:55] RGB565 artwork ready for 'BLEEP' / 'Stray Kids': 88200 bytes
[2026-08-02 19:21:05] Chrome tab bridge listening on http://127.0.0.1:8765
[2026-08-02 19:21:06] Immediate disk cache hit for 'CREED' / 'Stray Kids' / 'KARMA'
[2026-08-02 19:21:43] Immediate disk cache hit for '러시안 룰렛 Russian Roulette' / 'Red Velvet' / 'Russian Roulette - The 3rd Mini Album'
[2026-08-02 19:22:27] Media session manually selected: Spotify — 러시안 룰렛 Russian Roulette
[2026-08-02 19:22:27] Media session manually selected: Chrome — 러시안 룰렛 Russian Roulette
[2026-08-02 19:22:28] Media source selection changed to Auto
[2026-08-02 19:22:28] Media session manually selected: Spotify — 러시안 룰렛 Russian Roulette
[2026-08-02 19:22:30] Media session manually selected: Chrome — 러시안 룰렛 Russian Roulette
[2026-08-02 19:25:14] The manually selected media session is no longer available; returning to Auto
[2026-08-02 19:25:14] Immediate memory cache hit for 'MESS' / 'Stray Kids' / 'KARMA'
[2026-08-02 19:25:29] Immediate memory cache hit for 'In My Head' / 'Stray Kids' / 'KARMA'
[2026-08-02 19:25:34] Immediate memory cache hit for 'Half Time' / 'Stray Kids' / 'KARMA'
[2026-08-02 19:25:36] Immediate memory cache hit for 'In My Head' / 'Stray Kids' / 'KARMA'
[2026-08-02 19:30:04] Chrome tab bridge listening on http://127.0.0.1:8765
[2026-08-02 19:30:05] Immediate disk cache hit for 'Half Time' / 'Stray Kids' / 'KARMA'
[2026-08-02 19:30:43] Immediate disk cache hit for '러시안 룰렛 Russian Roulette' / 'Red Velvet' / 'Russian Roulette - The 3rd Mini Album'
[2026-08-02 19:31:23] Cache miss for 'Needed that.  Delivered.' / 'DoorDash' / 'Needed that.  Delivered.'
[2026-08-02 19:31:25] No ranked MusicBrainz release for 'Needed that.  Delivered.' / 'DoorDash' / 'Needed that.  Delivered.'
[2026-08-02 19:31:25] No Cover Art Archive image for 'Needed that.  Delivered.' / 'DoorDash' / 'Needed that.  Delivered.'
[2026-08-02 19:31:25] Saved disk cache: 0f47b232314007a06dce77c24a4db37f7e7767249db1075a1502fd1478b9bf41_210x210.rgb565
[2026-08-02 19:31:26] RGB565 artwork ready for 'Needed that.  Delivered.' / 'DoorDash': 88200 bytes
[2026-08-02 19:31:26] Cache miss for "McDonald's caesar sauce" / 'McDonald’s' / "McDonald's caesar sauce"
[2026-08-02 19:31:27] Cache miss for 'Boldy Original' / 'SunnyD' / 'Boldy Original'
[2026-08-02 19:31:29] Immediate memory cache hit for 'Phoenix' / 'Stray Kids' / 'KARMA'
[2026-08-02 19:32:05] Cache miss for '4Me 4Me' / 'Malcolm Todd' / 'Sweet Boy'
[2026-08-02 19:32:07] Cache miss for '4Me 4Me' / 'Malcolm Todd' / 'Sweet Boy'
[2026-08-02 19:32:09] Cache miss for '4Me 4Me' / 'Malcolm Todd' / 'Sweet Boy'
[2026-08-02 19:32:11] Immediate disk cache hit for 'Right Now' / 'NewJeans' / 'Supernatural'
[2026-08-02 19:34:52] Cache miss for 'Lights' / 'Ellie Goulding' / 'An Introduction To Ellie Goulding EP'
[2026-08-02 19:34:53] Best MusicBrainz release: 'An Introduction To Ellie Goulding EP', album similarity=1.00, score=153.0
[2026-08-02 19:34:54] Cover selected from release 'An Introduction To Ellie Goulding EP' (96955d40-873a-459a-8c80-f2dbb8a9283a)
[2026-08-02 19:34:54] Saved disk cache: a20e347b84fb0d7201caf00b3392d4be12c5794239d4e93d3ba5055e1e2f3261_210x210.rgb565
[2026-08-02 19:34:54] RGB565 artwork ready for 'Lights' / 'Ellie Goulding': 88200 bytes
[2026-08-02 20:09:14] Cache miss for 'JUST WANNA KNOW' / 'nuphory' / 'JUST WANNA KNOW'
[2026-08-02 20:09:18] Best MusicBrainz release: 'JUST WANNA KNOW', album similarity=1.00, score=153.0
[2026-08-02 20:09:20] Cover selected from release 'JUST WANNA KNOW' (28a3680b-e2ab-4d76-88a9-559416720f49)
[2026-08-02 20:09:20] Saved disk cache: 4d5d8d1d670e71476340f6eb952a1ab35e3906a87614847849982be280441c05_210x210.rgb565
[2026-08-02 20:09:20] RGB565 artwork ready for 'JUST WANNA KNOW' / 'nuphory': 88200 bytes
[2026-08-02 20:11:34] Cache miss for 'Feel Good' / 'Woodcamp' / 'Feel Good'
[2026-08-02 20:11:35] Best MusicBrainz release: 'Feel Good', album similarity=1.00, score=153.0
[2026-08-02 20:11:38] No Cover Art Archive image for 'Feel Good' / 'Woodcamp' / 'Feel Good'
[2026-08-02 20:11:38] Saved disk cache: 4d6d0bbee01085e59d4d55fffb7b5e5b006eeb0356f6ecfcab36e45407a9bcb6_210x210.rgb565
[2026-08-02 20:11:38] RGB565 artwork ready for 'Feel Good' / 'Woodcamp': 88200 bytes
[2026-08-02 20:14:39] Cache miss for 'Fools' / 'ufo ufo' / 'Fools'
[2026-08-02 20:14:39] Best MusicBrainz release: 'Fools', album similarity=1.00, score=153.0
[2026-08-02 20:14:42] Cover selected from release 'Fools' (eda476e4-af9a-443e-9999-9f9bd91561a3)
[2026-08-02 20:14:42] Saved disk cache: 4f37f790c2fe04f44d468d0e8d826e777430fd25fcd6e50a48a6f514c231c5cd_210x210.rgb565
[2026-08-02 20:14:42] RGB565 artwork ready for 'Fools' / 'ufo ufo': 88200 bytes
[2026-08-02 20:18:19] Cache miss for 'Move On Up' / 'Jafunk' / 'Move On Up'
[2026-08-02 20:18:21] Cache miss for 'Move On Up' / 'Jafunk' / 'Move On Up'
[2026-08-02 20:18:21] Best MusicBrainz release: 'Move on Up', album similarity=1.00, score=137.1
[2026-08-02 20:18:22] Cover selected from release 'Move on Up' (b9890524-65c7-433a-b57f-c038fda5e2a9)
[2026-08-02 20:18:22] Saved disk cache: 22bdb2e8fe2cb02d4804a388b7ace8b383541ff1736b280876b64bba816b680c_210x210.rgb565
[2026-08-02 20:18:22] RGB565 artwork ready for 'Move On Up' / 'Jafunk': 88200 bytes
[2026-08-02 20:21:41] Cache miss for 'There’s no Other' / 'Felly' / 'There’s no Other'
[2026-08-02 20:21:46] No ranked MusicBrainz release for 'There’s no Other' / 'Felly' / 'There’s no Other'
[2026-08-02 20:21:46] No Cover Art Archive image for 'There’s no Other' / 'Felly' / 'There’s no Other'
[2026-08-02 20:21:46] Saved disk cache: b4cb393dcdc98b52e6b3306650ffb4a0463ebdfbd3ad41357e7201c3f77c2479_210x210.rgb565
[2026-08-02 20:21:46] RGB565 artwork ready for 'There’s no Other' / 'Felly': 88200 bytes
[2026-08-02 20:24:17] Cache miss for 'Butterflies & Benefits' / 'Aaron Childs' / 'Butterflies & Benefits / 4 Letters'
[2026-08-02 20:24:19] Cache miss for 'Butterflies & Benefits' / 'Aaron Childs' / 'Butterflies & Benefits / 4 Letters'
[2026-08-02 20:24:22] No ranked MusicBrainz release for 'Butterflies & Benefits' / 'Aaron Childs' / 'Butterflies & Benefits / 4 Letters'
[2026-08-02 20:24:22] No Cover Art Archive image for 'Butterflies & Benefits' / 'Aaron Childs' / 'Butterflies & Benefits / 4 Letters'
[2026-08-02 20:24:22] Saved disk cache: a95f1717a4f3f36de63d2ee539dcf5092400ef803a097cb9f5a5c2145309abae_210x210.rgb565
[2026-08-02 20:24:22] RGB565 artwork ready for 'Butterflies & Benefits' / 'Aaron Childs': 88200 bytes
[2026-08-02 20:27:09] Cache miss for 'Perfect Wave' / 'KAGAMI' / 'Perfect Wave'
[2026-08-02 20:27:12] Cache miss for 'Perfect Wave' / 'KAGAMI' / 'Perfect Wave'
[2026-08-02 20:27:14] No ranked MusicBrainz release for 'Perfect Wave' / 'KAGAMI' / 'Perfect Wave'
[2026-08-02 20:27:14] No Cover Art Archive image for 'Perfect Wave' / 'KAGAMI' / 'Perfect Wave'
[2026-08-02 20:27:14] Saved disk cache: 53c1d39355ddc481d38a93fe26569da312f00773bf3f3ee4a59ad824078fd364_210x210.rgb565
[2026-08-02 20:27:14] RGB565 artwork ready for 'Perfect Wave' / 'KAGAMI': 88200 bytes
[2026-08-02 20:31:06] Cache miss for 'not asleep, not yet' / 'Figure Eight' / 'not asleep, not yet'
[2026-08-02 20:31:18] No ranked MusicBrainz release for 'not asleep, not yet' / 'Figure Eight' / 'not asleep, not yet'
[2026-08-02 20:31:18] No Cover Art Archive image for 'not asleep, not yet' / 'Figure Eight' / 'not asleep, not yet'
[2026-08-02 20:31:18] Saved disk cache: bd1fb8889c7315cd24cb11c3dc34be2c64178b121e00fbecc079a35ea8d886db_210x210.rgb565
[2026-08-02 20:31:18] RGB565 artwork ready for 'not asleep, not yet' / 'Figure Eight': 88200 bytes
[2026-08-02 20:33:33] Cache miss for 'Sugar' / 'Rubin' / 'Sugar'
[2026-08-02 20:33:36] No ranked MusicBrainz release for 'Sugar' / 'Rubin' / 'Sugar'
[2026-08-02 20:33:36] No Cover Art Archive image for 'Sugar' / 'Rubin' / 'Sugar'
[2026-08-02 20:33:36] Saved disk cache: 16c3f410829f8a2b6a3676bc2bd6f299fa81dfd41e51a5b91588ac67dd2e31cf_210x210.rgb565
[2026-08-02 20:33:36] RGB565 artwork ready for 'Sugar' / 'Rubin': 88200 bytes
[2026-08-02 20:36:18] Cache miss for "Something I Didn't Ask For" / 'Blame My Youth' / "Something I Didn't Ask For"
[2026-08-02 20:36:30] Cache miss for "Something I Didn't Ask For" / 'Blame My Youth' / "Something I Didn't Ask For"
[2026-08-02 20:36:44] Cache miss for "Something I Didn't Ask For" / 'Blame My Youth' / "Something I Didn't Ask For"
[2026-08-02 20:36:57] Cache miss for "Something I Didn't Ask For" / 'Blame My Youth' / "Something I Didn't Ask For"
[2026-08-02 20:37:09] Cache miss for "Something I Didn't Ask For" / 'Blame My Youth' / "Something I Didn't Ask For"
[2026-08-02 20:37:17] No ranked MusicBrainz release for "Something I Didn't Ask For" / 'Blame My Youth' / "Something I Didn't Ask For"
[2026-08-02 20:37:17] No Cover Art Archive image for "Something I Didn't Ask For" / 'Blame My Youth' / "Something I Didn't Ask For"
[2026-08-02 20:37:17] Saved disk cache: 5a59e5c5c77f538b152df343292327fc2d7e1b5d1329ea7f0e7b0db39401823f_210x210.rgb565
[2026-08-02 20:37:17] RGB565 artwork ready for "Something I Didn't Ask For" / 'Blame My Youth': 88200 bytes
[2026-08-02 20:39:12] Cache miss for 'Bubbly' / 'Good Kid' / 'Bubbly'
[2026-08-02 20:39:12] Best MusicBrainz release: 'Bubbly', album similarity=1.00, score=153.0
[2026-08-02 20:39:16] Cover selected from release 'Bubbly' (c469a607-1e74-47f3-ab36-d2a82a1f2ed8)
[2026-08-02 20:39:16] Saved disk cache: 76701140df69ad924a0b4832a282491797f555672a7589b07aba1271294f8239_210x210.rgb565
[2026-08-02 20:39:16] RGB565 artwork ready for 'Bubbly' / 'Good Kid': 88200 bytes
[2026-08-02 20:39:23] Cache miss for 'APRIETA 2.0' / 'Vincen García' / 'VIVACE'
[2026-08-02 20:39:24] Best MusicBrainz release: 'Vivace', album similarity=1.00, score=153.0
[2026-08-02 20:39:25] Cover selected from release 'Vivace' (4acaa255-a0d9-48f8-b2eb-38755f7675ff)
[2026-08-02 20:39:26] Saved disk cache: 9aa08412e433e96f122fb8ed745013fd33742910e5206e29f929b51dad284858_210x210.rgb565
[2026-08-02 20:39:26] RGB565 artwork ready for 'APRIETA 2.0' / 'Vincen García': 88200 bytes
[2026-08-02 20:39:31] Immediate disk cache hit for 'Unknown title' / 'Spotify' / 'Spotify'
[2026-08-02 20:39:39] Immediate memory cache hit for 'Phoenix' / 'Stray Kids' / 'KARMA'
[2026-08-02 20:42:32] Immediate memory cache hit for 'Ghost' / 'Stray Kids' / 'KARMA'
[2026-08-02 20:45:05] Immediate memory cache hit for '0801' / 'Stray Kids' / 'KARMA'
[2026-08-02 20:48:31] Immediate memory cache hit for 'CEREMONY (Festival Version)' / 'Stray Kids' / 'KARMA'
[2026-08-02 20:51:21] Immediate memory cache hit for 'CEREMONY (English Version)' / 'Stray Kids' / 'KARMA'
[2026-08-02 20:51:51] Cache miss for 'Hollow' / 'Stray Kids' / 'Hollow'
[2026-08-02 20:51:52] Best MusicBrainz release: 'Hollow', album similarity=1.00, score=153.0
[2026-08-02 20:51:55] Cover selected from release 'Hollow' (bf568a6f-0481-4b26-b579-5059fcbb650d)
[2026-08-02 20:51:56] Saved disk cache: 5040a36075bbe1dbde9f637803e290a1067f7b5f91e454059ca5fbb77ec8f148_210x210.rgb565
[2026-08-02 20:51:56] RGB565 artwork ready for 'Hollow' / 'Stray Kids': 88200 bytes
[2026-08-02 20:56:01] Immediate disk cache hit for 'Stay connected with Cox 300 meg Internet' / 'COX INTERNET' / 'Stay connected with Cox 300 meg Internet'
[2026-08-02 20:56:08] Immediate memory cache hit for 'Parade' / 'Stray Kids' / 'Hollow'
[2026-08-02 20:59:13] Immediate memory cache hit for 'Never Alone' / 'Stray Kids' / 'Hollow'
[2026-08-02 21:02:12] Immediate memory cache hit for 'just a little' / 'Stray Kids' / 'Hollow'
[2026-08-02 21:06:21] Immediate memory cache hit for '宿命' / 'Stray Kids' / 'Hollow'
[2026-08-02 21:09:22] Immediate memory cache hit for 'Hollow' / 'Stray Kids' / 'Hollow'
[2026-08-02 21:10:22] Immediate disk cache hit for 'Everything you need to stay a step ahead' / 'COX INTERNET' / 'Everything you need to stay a step ahead'
[2026-08-02 21:10:30] Cache miss for 'The End of Oak Street Tickets on Sale' / 'The End of Oak Street' / 'The End of Oak Street Tickets on Sale'
[2026-08-02 21:10:42] No ranked MusicBrainz release for 'The End of Oak Street Tickets on Sale' / 'The End of Oak Street' / 'The End of Oak Street Tickets on Sale'
[2026-08-02 21:10:42] No Cover Art Archive image for 'The End of Oak Street Tickets on Sale' / 'The End of Oak Street' / 'The End of Oak Street Tickets on Sale'
[2026-08-02 21:10:42] Saved disk cache: e0cc84ada97c25f326082290d8125a848391bd23195a1f9e082692575fdd2cc9_210x210.rgb565
[2026-08-02 21:10:42] RGB565 artwork ready for 'The End of Oak Street Tickets on Sale' / 'The End of Oak Street': 88200 bytes
[2026-08-02 21:10:42] Cache miss for 'Come Play (Kordhell Remix) (from the series Arcane League of Legends)' / 'Stray Kids' / 'Come Play (Kordhell Remix) (from the series Arcane League of Legends)'
[2026-08-02 21:10:48] No ranked MusicBrainz release for 'Come Play (Kordhell Remix) (from the series Arcane League of Legends)' / 'Stray Kids' / 'Come Play (Kordhell Remix) (from the series Arcane League of Legends)'
[2026-08-02 21:10:48] No Cover Art Archive image for 'Come Play (Kordhell Remix) (from the series Arcane League of Legends)' / 'Stray Kids' / 'Come Play (Kordhell Remix) (from the series Arcane League of Legends)'
[2026-08-02 21:10:48] Saved disk cache: 7e3e7a2255fdb16a4da368b242351c7e35ffe5fc7db7c993275016f257c0a411_210x210.rgb565
[2026-08-02 21:10:48] RGB565 artwork ready for 'Come Play (Kordhell Remix) (from the series Arcane League of Legends)' / 'Stray Kids': 88200 bytes
[2026-08-02 21:12:39] Immediate memory cache hit for 'Come Play (from the series Arcane League of Legends)' / 'Stray Kids' / 'Come Play (Kordhell Remix) (from the series Arcane League of Legends)'
[2026-08-02 21:14:06] Cache miss for 'GIANT (Korean Ver.)' / 'Stray Kids' / 'Mixtape : dominATE'
[2026-08-02 21:14:06] Best MusicBrainz release: 'Mixtape: dominATE', album similarity=1.00, score=153.0
[2026-08-02 21:14:09] Cover selected from release 'Mixtape: dominATE' (dafdcf63-bce4-41f1-b148-00bf25c807ae)
[2026-08-02 21:14:09] Saved disk cache: 91722141e95a40a6901e21b3abfe0ab9d43d2ffb38181cfca472ac65b8fa26f6_210x210.rgb565
[2026-08-02 21:14:09] RGB565 artwork ready for 'GIANT (Korean Ver.)' / 'Stray Kids': 88200 bytes
[2026-08-02 21:17:00] Immediate memory cache hit for 'Burnin’ Tires (Changbin & I.N)' / 'Stray Kids' / 'Mixtape : dominATE'
[2026-08-02 21:19:25] Immediate memory cache hit for 'Truman (HAN & Felix)' / 'Stray Kids' / 'Mixtape : dominATE'
[2026-08-02 21:21:13] Immediate memory cache hit for 'ESCAPE (Bang Chan & Hyunjin)' / 'Stray Kids' / 'Mixtape : dominATE'
[2026-08-02 21:22:55] Immediate memory cache hit for 'CINEMA (Lee Know & Seungmin)' / 'Stray Kids' / 'Mixtape : dominATE'
[2026-08-02 21:26:39] Cache miss for 'Walkin On Water' / 'Stray Kids' / 'Walkin On Water (Remixes)'
[2026-08-02 21:26:39] Best MusicBrainz release: 'Walkin On Water (Remixes)', album similarity=1.00, score=151.8
[2026-08-02 21:26:41] Cover selected from release 'Walkin On Water (Remixes)' (a7a0474b-141f-44bb-9384-fcb5a3d8a530)
[2026-08-02 21:26:41] Saved disk cache: 2209414356f7c3e013f58f96c3a74ef660fcab1a88e252bad22d559ec14dacc7_210x210.rgb565
[2026-08-02 21:26:41] RGB565 artwork ready for 'Walkin On Water' / 'Stray Kids': 88200 bytes
[2026-08-02 21:29:59] Chrome tab bridge listening on http://127.0.0.1:8765
[2026-08-02 21:30:01] Immediate disk cache hit for 'Walkin On Water (Sway Ver.)' / 'Stray Kids' / 'Walkin On Water (Remixes)'
[2026-08-02 21:30:23] Immediate disk cache hit for '러시안 룰렛 Russian Roulette' / 'Red Velvet' / 'Russian Roulette - The 3rd Mini Album'
[2026-08-02 21:31:18] Immediate memory cache hit for 'Walkin On Water (Sped Up Ver.)' / 'Stray Kids' / 'Walkin On Water (Remixes)'
[2026-08-02 21:33:28] Immediate memory cache hit for 'Walkin On Water (Instrumental)' / 'Stray Kids' / 'Walkin On Water (Remixes)'
[2026-08-02 21:34:04] Cache miss for 'Walkin On Water' / 'Stray Kids' / 'HOP'
[2026-08-02 21:34:05] Cache miss for 'Bounce Back' / 'Stray Kids' / 'HOP'
[2026-08-02 21:34:06] Best MusicBrainz release: 'HOP', album similarity=1.00, score=153.0
[2026-08-02 21:34:11] Cover selected from release '合 (HOP)' (417a7229-df85-42c6-88e3-f32d2d51f743)
[2026-08-02 21:34:11] Saved disk cache: 35cf1511bcf52eeb8ea3f7eaa03530d67dce4063002c9847a624e5ae2ebcc2f9_210x210.rgb565
[2026-08-02 21:34:11] RGB565 artwork ready for 'Bounce Back' / 'Stray Kids': 88200 bytes
[2026-08-02 21:34:24] Immediate memory cache hit for 'U (Feat. TABLO)' / 'Stray Kids' / 'HOP'
[2026-08-02 21:35:51] Immediate memory cache hit for 'Walkin On Water (HIP Ver.)' / 'Stray Kids' / 'HOP'
[2026-08-02 21:36:29] Chrome tab bridge listening on http://127.0.0.1:8765
[2026-08-02 21:36:31] Immediate disk cache hit for 'Walkin On Water (HIP Ver.)' / 'Stray Kids' / 'HOP'
[2026-08-02 21:37:09] Immediate disk cache hit for '러시안 룰렛 Russian Roulette' / 'Red Velvet' / 'Russian Roulette - The 3rd Mini Album'
[2026-08-02 21:43:28] Chrome tab bridge listening on http://127.0.0.1:8765
[2026-08-02 21:43:29] Immediate disk cache hit for 'Railway (Bang Chan)' / 'Stray Kids' / 'HOP'
[2026-08-02 21:43:47] Immediate disk cache hit for '러시안 룰렛 Russian Roulette' / 'Red Velvet' / 'Russian Roulette - The 3rd Mini Album'
[2026-08-02 21:46:49] Immediate memory cache hit for 'Unfair (Felix)' / 'Stray Kids' / 'HOP'
[2026-08-02 21:48:12] Immediate memory cache hit for 'HALLUCINATION (I.N)' / 'Stray Kids' / 'HOP'
[2026-08-02 21:49:08] Immediate memory cache hit for 'Youth (Lee Know)' / 'Stray Kids' / 'HOP'
